"accepted_symbol","synonym_symbol","scientific_name","county"
"ACFL","","Acer floridanum","AR(Arkansas, Ashley, Baxter, Benton, Bradley, Calhoun, Carroll, Clark, Cleburne, Cleveland, Columbia, Craighead, Crawford, Cross, Dallas, Drew, Franklin, Fulton, Garland, Hempstead, Hot Spring, Howard, Izard, Johnson, Lee, Logan, Madison, Marion, Miller, Monroe, Montgomery, Nevada, Newton, Ouachita, Phillips, Pike, Poinsett, Polk, Pope, Prairie, Randolph, Saline, Scott, Searcy, Sevier, Sharp, St. Francis, Stone, Union, Van Buren, Washington, White, Yell)"
"ACLE","","Acer leucoderme","AR(Clark, Garland, Hot Spring, Howard, Montgomery, Pike, Polk)"
"ACNE2","","Acer negundo","AR(Arkansas, Ashley, Baxter, Benton, Boone, Bradley, Calhoun, Carroll, Chicot, Clark, Clay, Cleburne, Cleveland, Columbia, Conway, Craighead, Crawford, Crittenden, Cross, Dallas, Desha, Drew, Faulkner, Franklin, Fulton, Garland, Grant, Greene, Hempstead, Hot Spring, Howard, Independence, Izard, Jackson, Jefferson, Johnson, Lafayette, Lawrence, Lee, Lincoln, Little River, Logan, Lonoke, Madison, Marion, Miller, Mississippi, Monroe, Montgomery, Nevada, Newton, Ouachita, Perry, Phillips, Pike, Poinsett, Polk, Pope, Prairie, Pulaski, Randolph, Saline, Scott, Searcy, Sebastian, Sevier, Sharp, St. Francis, Stone, Union, Van Buren, Washington, White, Woodruff, Yell)"
"ACNI5","","Acer nigrum","AR(Benton, Carroll, Stone)"
"ACRU","","Acer rubrum","AR(Arkansas, Ashley, Baxter, Benton, Boone, Bradley, Calhoun, Carroll, Chicot, Clark, Clay, Cleburne, Cleveland, Columbia, Conway, Craighead, Crawford, Crittenden, Cross, Dallas, Desha, Drew, Faulkner, Franklin, Fulton, Garland, Grant, Greene, Hempstead, Hot Spring, Howard, Independence, Izard, Jackson, Jefferson, Johnson, Lafayette, Lawrence, Lee, Lincoln, Little River, Logan, Lonoke, Madison, Marion, Miller, Mississippi, Monroe, Montgomery, Nevada, Newton, Ouachita, Perry, Phillips, Pike, Poinsett, Polk, Pope, Prairie, Pulaski, Randolph, Saline, Scott, Searcy, Sebastian, Sevier, Sharp, St. Francis, Stone, Union, Van Buren, Washington, White, Woodruff, Yell)"
"ACRUD","","Acer rubrum var. drummondii","AR(Arkansas, Ashley, Bradley, Calhoun, Chicot, Clark, Clay, Cleburne, Cleveland, Conway, Craighead, Desha, Drew, Faulkner, Garland, Greene, Hempstead, Jackson, Jefferson, Lafayette, Lawrence, Lee, Miller, Mississippi, Nevada, Ouachita, Phillips, Randolph, Saline, St. Francis, Union, Washington, White, Woodruff)"
"ACRUR","","Acer rubrum var. rubrum","AR(Arkansas, Ashley, Baxter, Benton, Boone, Bradley, Calhoun, Carroll, Chicot, Clark, Clay, Cleburne, Cleveland, Columbia, Conway, Craighead, Crawford, Crittenden, Cross, Dallas, Desha, Drew, Faulkner, Franklin, Fulton, Garland, Grant, Greene, Hempstead, Hot Spring, Howard, Independence, Izard, Jackson, Jefferson, Johnson, Lafayette, Lawrence, Lee, Lincoln, Little River, Logan, Lonoke, Madison, Marion, Miller, Mississippi, Monroe, Montgomery, Nevada, Newton, Ouachita, Perry, Phillips, Pike, Poinsett, Polk, Pope, Prairie, Pulaski, Randolph, Saline, Scott, Searcy, Sebastian, Sevier, Sharp, St. Francis, Stone, Union, Van Buren, Washington, White, Woodruff, Yell)"
"ACSA2","","Acer saccharinum","AR(Arkansas, Ashley, Baxter, Benton, Boone, Bradley, Calhoun, Carroll, Chicot, Clark, Clay, Cleburne, Cleveland, Conway, Craighead, Crawford, Crittenden, Cross, Dallas, Desha, Drew, Faulkner, Franklin, Fulton, Garland, Grant, Greene, Hempstead, Hot Spring, Howard, Independence, Izard, Jackson, Jefferson, Johnson, Lawrence, Lee, Lincoln, Logan, Lonoke, Madison, Marion, Miller, Mississippi, Monroe, Montgomery, Newton, Perry, Phillips, Pike, Poinsett, Polk, Pope, Prairie, Pulaski, Randolph, Saline, Scott, Searcy, Sebastian, Sevier, Sharp, St. Francis, Stone, Union, Van Buren, Washington, White, Woodruff, Yell)"
"ACSA3","","Acer saccharum","AR(Benton, Carroll, Crawford, Franklin, Hempstead, Izard, Logan, Madison, Montgomery, Newton, Pike, Polk, Pope, Randolph, Scott, Searcy, Sebastian, Sharp, Stone, Van Buren, Washington)"
"ACSAS","","Acer saccharum var. saccharum","AR(Benton, Carroll, Crawford, Franklin, Hempstead, Izard, Logan, Madison, Montgomery, Newton, Pike, Polk, Pope, Randolph, Scott, Searcy, Sebastian, Stone, Van Buren, Washington)"
"AEGL","","Aesculus glabra","AR(Baxter, Benton, Boone, Carroll, Clay, Conway, Crawford, Crittenden, Franklin, Fulton, Hempstead, Howard, Johnson, Lawrence, Little River, Logan, Madison, Marion, Miller, Montgomery, Newton, Polk, Pope, Scott, Searcy, Sebastian, Sevier, Stone, Van Buren, Washington, Yell)"
"AEGLA","","Aesculus glabra var. arguta","AR(Benton, Polk, Washington)"
"AEPA","","Aesculus pavia","AR(Arkansas, Ashley, Bradley, Calhoun, Chicot, Clark, Clay, Cleburne, Cleveland, Columbia, Conway, Craighead, Cross, Dallas, Desha, Drew, Faulkner, Fulton, Garland, Grant, Greene, Hempstead, Hot Spring, Howard, Independence, Izard, Jackson, Jefferson, Lafayette, Lawrence, Lee, Lincoln, Little River, Logan, Lonoke, Madison, Miller, Monroe, Montgomery, Nevada, Ouachita, Perry, Phillips, Pike, Poinsett, Polk, Pope, Prairie, Pulaski, Randolph, Saline, Sevier, Sharp, St. Francis, Stone, Union, Van Buren, White, Woodruff, Yell)"
"AEPAP","","Aesculus pavia var. pavia","AR(Arkansas, Ashley, Bradley, Calhoun, Chicot, Clark, Clay, Cleburne, Cleveland, Columbia, Conway, Craighead, Cross, Dallas, Desha, Drew, Faulkner, Fulton, Garland, Grant, Greene, Hempstead, Hot Spring, Howard, Independence, Izard, Jackson, Jefferson, Lafayette, Lawrence, Lee, Lincoln, Little River, Logan, Lonoke, Madison, Miller, Monroe, Montgomery, Nevada, Ouachita, Perry, Phillips, Pike, Poinsett, Polk, Pope, Prairie, Pulaski, Randolph, Saline, Sevier, Sharp, St. Francis, Stone, Union, Van Buren, White, Woodruff, Yell)"
"AIAL","","Ailanthus altissima","AR(Ashley, Benton, Bradley, Carroll, Clark, Cleburne, Cleveland, Craighead, Crawford, Desha, Drew, Faulkner, Franklin, Garland, Hempstead, Hot Spring, Independence, Izard, Jefferson, Johnson, Lonoke, Miller, Mississippi, Newton, Ouachita, Phillips, Pope, Pulaski, Saline, Searcy, St. Francis, Stone, Union, Washington)"
"ALJU","","Albizia julibrissin","AR(Arkansas, Ashley, Baxter, Bradley, Calhoun, Chicot, Clark, Cleburne, Cleveland, Columbia, Craighead, Crittenden, Cross, Desha, Drew, Faulkner, Franklin, Garland, Grant, Hempstead, Hot Spring, Independence, Jefferson, Johnson, Lafayette, Lee, Lincoln, Phillips, Pike, Polk, Pope, Pulaski, Saline, Sebastian, St. Francis, Stone, Union, Washington, White, Yell)"
"ALSE2","","Alnus serrulata","AR(Arkansas, Ashley, Baxter, Benton, Boone, Clark, Clay, Cleburne, Columbia, Conway, Crawford, Dallas, Drew, Faulkner, Franklin, Fulton, Garland, Greene, Hempstead, Hot Spring, Howard, Independence, Izard, Jefferson, Johnson, Lafayette, Lawrence, Lincoln, Little River, Logan, Lonoke, Madison, Marion, Miller, Montgomery, Nevada, Newton, Ouachita, Perry, Pike, Polk, Pope, Pulaski, Randolph, Saline, Scott, Searcy, Sevier, Sharp, Stone, Union, Van Buren, Washington, White, Yell)"
"AMAR3","","Amelanchier arborea","AR(Ashley, Baxter, Benton, Boone, Bradley, Calhoun, Carroll, Clark, Clay, Cleburne, Cleveland, Conway, Crawford, Cross, Dallas, Drew, Faulkner, Franklin, Fulton, Garland, Greene, Hot Spring, Howard, Independence, Izard, Jackson, Jefferson, Johnson, Lee, Lincoln, Logan, Madison, Marion, Monroe, Montgomery, Newton, Ouachita, Perry, Pike, Poinsett, Polk, Pope, Pulaski, Randolph, Saline, Scott, Searcy, Sebastian, Sharp, St. Francis, Stone, Union, Van Buren, Washington, White, Yell)"
"ARSP2","","Aralia spinosa","AR(Arkansas, Bradley, Calhoun, Clark, Clay, Cleburne, Cleveland, Columbia, Conway, Craighead, Crittenden, Cross, Dallas, Drew, Faulkner, Franklin, Garland, Grant, Greene, Hempstead, Hot Spring, Howard, Independence, Izard, Jefferson, Johnson, Lafayette, Lawrence, Lee, Lincoln, Little River, Logan, Lonoke, Miller, Montgomery, Nevada, Newton, Ouachita, Perry, Phillips, Pike, Poinsett, Polk, Pope, Prairie, Pulaski, Randolph, Saline, Searcy, Sevier, Sharp, St. Francis, Stone, Union, Van Buren, Washington, White, Yell)"
"ASPA18","","Asimina parviflora","AR(Columbia, Union)"
"ASTR","","Asimina triloba","AR(Arkansas, Ashley, Baxter, Benton, Boone, Bradley, Calhoun, Carroll, Chicot, Clark, Clay, Cleburne, Cleveland, Columbia, Conway, Craighead, Crawford, Crittenden, Cross, Dallas, Drew, Faulkner, Franklin, Fulton, Garland, Grant, Greene, Hempstead, Hot Spring, Howard, Independence, Izard, Jackson, Jefferson, Johnson, Lafayette, Lawrence, Lee, Lincoln, Little River, Logan, Lonoke, Madison, Marion, Miller, Mississippi, Monroe, Montgomery, Nevada, Newton, Ouachita, Perry, Phillips, Pike, Poinsett, Polk, Pope, Prairie, Pulaski, Randolph, Saline, Scott, Searcy, Sevier, Sharp, St. Francis, Stone, Union, Van Buren, Washington, White, Woodruff, Yell)"
"BAHA","","Baccharis halimifolia","AR(Arkansas, Ashley, Bradley, Calhoun, Chicot, Clark, Cleveland, Columbia, Conway, Dallas, Desha, Drew, Faulkner, Garland, Grant, Hempstead, Hot Spring, Jefferson, Lafayette, Lincoln, Little River, Lonoke, Miller, Monroe, Montgomery, Nevada, Ouachita, Perry, Pike, Polk, Pope, Prairie, Pulaski, Saline, Sevier, Union, Woodruff, Yell)"
"BENI","","Betula nigra","AR(Arkansas, Ashley, Baxter, Benton, Boone, Bradley, Calhoun, Carroll, Clark, Clay, Cleburne, Cleveland, Columbia, Conway, Craighead, Crawford, Crittenden, Cross, Dallas, Drew, Faulkner, Franklin, Garland, Grant, Greene, Hempstead, Hot Spring, Howard, Independence, Izard, Jackson, Jefferson, Johnson, Lafayette, Lawrence, Lee, Little River, Logan, Lonoke, Madison, Marion, Miller, Mississippi, Monroe, Montgomery, Nevada, Newton, Ouachita, Perry, Pike, Poinsett, Polk, Pope, Prairie, Pulaski, Randolph, Saline, Scott, Searcy, Sebastian, Sevier, Sharp, St. Francis, Stone, Union, Van Buren, Washington, White, Woodruff, Yell)"
"BRPA4","","Broussonetia papyrifera","AR(Ashley, Boone, Bradley, Carroll, Clark, Clay, Columbia, Crawford, Crittenden, Cross, Drew, Franklin, Garland, Grant, Greene, Hempstead, Howard, Independence, Jackson, Jefferson, Johnson, Lee, Lonoke, Miller, Ouachita, Phillips, Pike, Pope, Pulaski, Randolph, Saline, Searcy, St. Francis, Stone, Union, Washington, White, Woodruff, Yell)"
"CACA18","","Carpinus caroliniana","AR(Arkansas, Ashley, Baxter, Benton, Boone, Bradley, Calhoun, Carroll, Clark, Clay, Cleburne, Cleveland, Columbia, Conway, Craighead, Crawford, Crittenden, Cross, Dallas, Desha, Drew, Faulkner, Franklin, Fulton, Garland, Grant, Greene, Hempstead, Hot Spring, Howard, Independence, Izard, Jackson, Jefferson, Johnson, Lafayette, Lawrence, Lee, Lincoln, Little River, Logan, Lonoke, Madison, Marion, Miller, Monroe, Montgomery, Nevada, Newton, Ouachita, Phillips, Pike, Poinsett, Polk, Pope, Prairie, Pulaski, Randolph, Saline, Scott, Searcy, Sebastian, Sevier, Sharp, St. Francis, Stone, Union, Van Buren, Washington, White, Woodruff, Yell)"
"CABR16","","Carya Ã—brownii","AR(Crawford)"
"CAAQ2","","Carya aquatica","AR(Arkansas, Ashley, Bradley, Calhoun, Chicot, Clark, Clay, Cleveland, Columbia, Craighead, Crawford, Crittenden, Cross, Dallas, Desha, Drew, Faulkner, Garland, Grant, Greene, Hempstead, Hot Spring, Independence, Jackson, Jefferson, Lafayette, Lawrence, Lee, Lincoln, Little River, Lonoke, Miller, Mississippi, Monroe, Nevada, Ouachita, Phillips, Pike, Poinsett, Pope, Prairie, Pulaski, Randolph, Saline, Scott, Sevier, St. Francis, Union, White, Woodruff, Yell)"
"CACO15","","Carya cordiformis","AR(Arkansas, Ashley, Baxter, Benton, Boone, Bradley, Calhoun, Carroll, Chicot, Clark, Clay, Cleburne, Cleveland, Columbia, Conway, Craighead, Crawford, Crittenden, Cross, Dallas, Desha, Drew, Faulkner, Franklin, Fulton, Garland, Grant, Greene, Hempstead, Hot Spring, Howard, Independence, Izard, Jackson, Jefferson, Johnson, Lafayette, Lawrence, Lee, Lincoln, Little River, Logan, Lonoke, Madison, Marion, Miller, Mississippi, Monroe, Montgomery, Nevada, Newton, Ouachita, Perry, Phillips, Pike, Poinsett, Polk, Pope, Prairie, Pulaski, Randolph, Saline, Scott, Searcy, Sebastian, Sevier, Sharp, St. Francis, Stone, Union, Van Buren, Washington, White, Woodruff, Yell)"
"CAGL8","","Carya glabra","AR(Arkansas, Ashley, Baxter, Benton, Boone, Bradley, Calhoun, Carroll, Chicot, Clark, Clay, Cleburne, Cleveland, Columbia, Conway, Craighead, Crawford, Crittenden, Cross, Dallas, Desha, Drew, Faulkner, Franklin, Fulton, Garland, Grant, Greene, Hempstead, Hot Spring, Independence, Izard, Jackson, Jefferson, Johnson, Lafayette, Lawrence, Lee, Lincoln, Logan, Lonoke, Madison, Marion, Miller, Mississippi, Monroe, Nevada, Newton, Ouachita, Perry, Phillips, Pike, Poinsett, Pope, Prairie, Pulaski, Randolph, Saline, Searcy, Sharp, St. Francis, Stone, Union, Van Buren, Washington, White, Woodruff, Yell)"
"CAIL2","","Carya illinoinensis","AR(Arkansas, Ashley, Benton, Boone, Bradley, Calhoun, Chicot, Clark, Clay, Cleburne, Cleveland, Columbia, Conway, Craighead, Crawford, Crittenden, Cross, Dallas, Drew, Faulkner, Franklin, Fulton, Greene, Hempstead, Hot Spring, Independence, Izard, Jackson, Jefferson, Johnson, Lafayette, Lawrence, Lee, Lincoln, Little River, Logan, Lonoke, Marion, Miller, Mississippi, Monroe, Nevada, Newton, Perry, Phillips, Pike, Poinsett, Pope, Prairie, Pulaski, Randolph, Saline, Scott, Sebastian, Sevier, Sharp, St. Francis, Stone, Union, Washington, White, Woodruff, Yell)"
"CALA21","","Carya laciniosa","AR(Arkansas, Clark, Clay, Craighead, Crittenden, Cross, Faulkner, Grant, Greene, Jackson, Lawrence, Mississippi, Monroe, Poinsett, Pulaski, Randolph, Saline, St. Francis, Stone)"
"CAMY","","Carya myristiciformis","AR(Arkansas, Bradley, Clark, Cleveland, Desha, Drew, Faulkner, Hempstead, Jackson, Jefferson, Little River, Miller, Ouachita, Pike, Pulaski, Saline, Sevier, Union)"
"CAOV3","","Carya ovalis","AR(Carroll, Cleveland, Conway, Craighead, Cross, Desha, Drew, Greene, Hempstead, Hot Spring, Jefferson, Logan, Madison, Miller, Newton, Phillips, Poinsett, Polk, Pope, Scott, Searcy, Sebastian, St. Francis, Union, Washington, Yell)"
"CAOV2","","Carya ovata","AR(Arkansas, Ashley, Baxter, Benton, Boone, Bradley, Carroll, Clark, Clay, Cleburne, Cleveland, Columbia, Conway, Craighead, Crawford, Crittenden, Cross, Dallas, Desha, Drew, Faulkner, Franklin, Fulton, Garland, Grant, Greene, Hempstead, Independence, Izard, Jackson, Jefferson, Johnson, Lafayette, Lawrence, Lee, Lincoln, Little River, Logan, Lonoke, Madison, Marion, Miller, Mississippi, Monroe, Montgomery, Nevada, Newton, Ouachita, Perry, Phillips, Pike, Poinsett, Polk, Pope, Prairie, Pulaski, Randolph, Saline, Scott, Searcy, Sebastian, Sevier, Sharp, St. Francis, Stone, Union, Van Buren, Washington, White, Woodruff, Yell)"
"CAPA24","","Carya pallida","AR(Poinsett)"
"CATE9","","Carya texana","AR(Arkansas, Ashley, Baxter, Benton, Boone, Carroll, Clark, Clay, Cleburne, Columbia, Conway, Craighead, Crawford, Crittenden, Cross, Dallas, Drew, Faulkner, Franklin, Fulton, Garland, Grant, Greene, Hempstead, Hot Spring, Howard, Independence, Izard, Jackson, Jefferson, Johnson, Lafayette, Lawrence, Lee, Lincoln, Little River, Logan, Madison, Marion, Miller, Mississippi, Montgomery, Nevada, Newton, Ouachita, Perry, Pike, Poinsett, Polk, Pope, Prairie, Pulaski, Randolph, Saline, Scott, Searcy, Sebastian, Sevier, Sharp, St. Francis, Stone, Union, Van Buren, Washington, White, Yell)"
"CATO6","","Carya tomentosa","AR(Arkansas, Ashley, Baxter, Benton, Boone, Bradley, Calhoun, Carroll, Clark, Clay, Cleburne, Cleveland, Columbia, Conway, Craighead, Crawford, Crittenden, Cross, Dallas, Desha, Drew, Faulkner, Franklin, Fulton, Garland, Grant, Greene, Hempstead, Hot Spring, Howard, Independence, Izard, Jackson, Jefferson, Johnson, Lafayette, Lawrence, Lee, Lincoln, Little River, Logan, Lonoke, Madison, Marion, Miller, Mississippi, Monroe, Montgomery, Nevada, Newton, Ouachita, Perry, Phillips, Pike, Poinsett, Polk, Pope, Prairie, Pulaski, Randolph, Saline, Scott, Searcy, Sebastian, Sevier, Sharp, St. Francis, Stone, Union, Van Buren, Washington, White, Woodruff, Yell)"
"CAPU9","","Castanea pumila","AR(Arkansas, Ashley, Baxter, Benton, Boone, Bradley, Calhoun, Carroll, Chicot, Clark, Cleburne, Cleveland, Columbia, Conway, Crawford, Drew, Faulkner, Franklin, Fulton, Garland, Hempstead, Hot Spring, Howard, Independence, Izard, Jefferson, Johnson, Lafayette, Little River, Logan, Lonoke, Madison, Marion, Miller, Montgomery, Nevada, Newton, Ouachita, Perry, Pike, Polk, Pope, Pulaski, Saline, Scott, Searcy, Stone, Union, Van Buren, Washington, White, Woodruff, Yell)"
"CAPUO","","Castanea pumila var. ozarkensis","AR(Baxter, Benton, Boone, Carroll, Cleburne, Conway, Crawford, Faulkner, Franklin, Fulton, Garland, Hot Spring, Howard, Independence, Izard, Johnson, Logan, Lonoke, Madison, Marion, Montgomery, Newton, Perry, Polk, Pope, Pulaski, Saline, Scott, Searcy, Stone, Van Buren, Washington, Woodruff, Yell)"
"CAPUP3","","Castanea pumila var. pumila","AR(Arkansas, Ashley, Bradley, Calhoun, Chicot, Clark, Cleveland, Columbia, Drew, Faulkner, Garland, Hempstead, Hot Spring, Howard, Jefferson, Lafayette, Little River, Logan, Miller, Montgomery, Nevada, Ouachita, Pike, Polk, Pope, Pulaski, Saline, Union, Washington, White)"
"CABI8","","Catalpa bignonioides","AR(Ashley, Bradley, Drew, Faulkner, Franklin, Garland, Jefferson, Logan, Newton, Ouachita, Phillips, Pike, Polk, Pope, Pulaski, Sevier, St. Francis, Stone, Union, Washington, Yell)"
"CASP8","","Catalpa speciosa","AR(Benton, Clark, Hempstead, Independence, Jefferson, Pulaski, Sebastian, Washington)"
"CELA","","Celtis laevigata","AR(Arkansas, Ashley, Baxter, Benton, Boone, Bradley, Calhoun, Carroll, Chicot, Clark, Clay, Cleburne, Cleveland, Columbia, Conway, Craighead, Crawford, Crittenden, Cross, Dallas, Desha, Drew, Faulkner, Franklin, Fulton, Garland, Grant, Greene, Hempstead, Hot Spring, Howard, Independence, Izard, Jackson, Johnson, Lafayette, Lawrence, Lee, Lincoln, Little River, Logan, Lonoke, Madison, Marion, Miller, Mississippi, Monroe, Montgomery, Nevada, Newton, Ouachita, Perry, Phillips, Pike, Poinsett, Polk, Pope, Prairie, Pulaski, Randolph, Saline, Scott, Searcy, Sebastian, Sevier, Sharp, St. Francis, Stone, Union, Van Buren, Washington, White, Woodruff, Yell)"
"CEOC","","Celtis occidentalis","AR(Baxter, Benton, Boone, Carroll, Clark, Clay, Cleburne, Conway, Crawford, Crittenden, Faulkner, Franklin, Fulton, Greene, Independence, Izard, Jackson, Johnson, Lawrence, Madison, Marion, Montgomery, Pike, Pope, Randolph, Scott, Searcy, Sebastian, Sevier, Sharp, St. Francis, Stone, Van Buren, Washington, White)"
"CEPU10","","Celtis pumila","AR(Arkansas, Baxter, Benton, Boone, Bradley, Carroll, Clark, Cleburne, Cleveland, Conway, Crawford, Crittenden, Drew, Faulkner, Franklin, Fulton, Garland, Grant, Greene, Hempstead, Hot Spring, Independence, Izard, Jefferson, Johnson, Lee, Logan, Madison, Marion, Montgomery, Newton, Ouachita, Pike, Pope, Pulaski, Saline, Scott, Searcy, Sevier, Sharp, Stone, Union, Van Buren, Washington)"
"CEOC2","","Cephalanthus occidentalis","AR(Arkansas, Ashley, Baxter, Benton, Boone, Bradley, Calhoun, Carroll, Chicot, Clark, Clay, Cleburne, Cleveland, Columbia, Conway, Craighead, Crawford, Crittenden, Cross, Dallas, Desha, Drew, Faulkner, Franklin, Fulton, Garland, Grant, Greene, Hempstead, Hot Spring, Howard, Independence, Izard, Jackson, Jefferson, Johnson, Lafayette, Lawrence, Lee, Lincoln, Little River, Logan, Lonoke, Madison, Marion, Miller, Mississippi, Monroe, Montgomery, Nevada, Newton, Ouachita, Perry, Phillips, Pike, Poinsett, Polk, Pope, Prairie, Pulaski, Randolph, Saline, Scott, Searcy, Sebastian, Sevier, Sharp, St. Francis, Stone, Union, Van Buren, Washington, White, Woodruff, Yell)"
"CECA4","","Cercis canadensis","AR(Arkansas, Ashley, Baxter, Benton, Boone, Bradley, Calhoun, Carroll, Chicot, Clark, Clay, Cleburne, Cleveland, Columbia, Conway, Craighead, Crawford, Crittenden, Cross, Dallas, Desha, Drew, Faulkner, Franklin, Fulton, Garland, Grant, Greene, Hempstead, Hot Spring, Howard, Independence, Izard, Jackson, Jefferson, Johnson, Lafayette, Lawrence, Lee, Lincoln, Little River, Logan, Lonoke, Madison, Marion, Miller, Mississippi, Monroe, Montgomery, Nevada, Newton, Ouachita, Perry, Phillips, Pike, Poinsett, Polk, Pope, Prairie, Pulaski, Randolph, Saline, Scott, Searcy, Sebastian, Sevier, Sharp, St. Francis, Stone, Union, Van Buren, Washington, White, Woodruff, Yell)"
"CECAC","","Cercis canadensis var. canadensis","AR(Arkansas, Ashley, Baxter, Benton, Boone, Bradley, Calhoun, Carroll, Chicot, Clark, Clay, Cleburne, Cleveland, Columbia, Conway, Craighead, Crawford, Crittenden, Cross, Dallas, Desha, Drew, Faulkner, Franklin, Fulton, Garland, Grant, Greene, Hempstead, Hot Spring, Howard, Independence, Izard, Jackson, Jefferson, Johnson, Lafayette, Lawrence, Lee, Lincoln, Little River, Logan, Lonoke, Madison, Marion, Miller, Mississippi, Monroe, Montgomery, Nevada, Newton, Ouachita, Perry, Phillips, Pike, Poinsett, Polk, Pope, Prairie, Pulaski, Randolph, Saline, Scott, Searcy, Sebastian, Sevier, Sharp, St. Francis, Stone, Union, Van Buren, Washington, White, Woodruff, Yell)"
"CHVI3","","Chionanthus virginicus","AR(Ashley, Baxter, Benton, Boone, Bradley, Calhoun, Clark, Cleburne, Cleveland, Columbia, Conway, Drew, Faulkner, Franklin, Garland, Grant, Hempstead, Hot Spring, Howard, Independence, Izard, Jefferson, Johnson, Lafayette, Logan, Madison, Marion, Miller, Nevada, Newton, Ouachita, Perry, Polk, Pope, Saline, Scott, Searcy, Stone, Union, Van Buren, Washington, Yell)"
"CLKE","","Cladrastis kentukea","AR(Baxter, Benton, Boone, Carroll, Cleburne, Conway, Crawford, Dallas, Franklin, Hot Spring, Independence, Johnson, Logan, Madison, Marion, Newton, Polk, Pope, Pulaski, Stone, Van Buren, Washington)"
"COAL2","","Cornus alternifolia","AR(Marion, Newton, Pope, Stone)"
"CODR","","Cornus drummondii","AR(Arkansas, Baxter, Benton, Carroll, Chicot, Clark, Clay, Cleburne, Cleveland, Conway, Craighead, Crawford, Crittenden, Cross, Desha, Faulkner, Franklin, Fulton, Garland, Greene, Hempstead, Hot Spring, Howard, Independence, Izard, Jefferson, Johnson, Lawrence, Lee, Lincoln, Little River, Logan, Madison, Marion, Miller, Mississippi, Monroe, Montgomery, Nevada, Newton, Phillips, Pike, Poinsett, Polk, Pope, Pulaski, Randolph, Saline, Scott, Searcy, Sebastian, Sevier, Sharp, St. Francis, Stone, Van Buren, Washington, Yell)"
"COFL2","","Cornus florida","AR(Arkansas, Ashley, Baxter, Benton, Boone, Bradley, Calhoun, Carroll, Clark, Clay, Cleburne, Cleveland, Columbia, Conway, Craighead, Crawford, Cross, Dallas, Drew, Faulkner, Franklin, Fulton, Garland, Grant, Greene, Hempstead, Hot Spring, Howard, Independence, Izard, Jackson, Jefferson, Johnson, Lafayette, Lawrence, Lee, Lincoln, Little River, Logan, Lonoke, Madison, Marion, Miller, Montgomery, Nevada, Newton, Ouachita, Perry, Phillips, Pike, Poinsett, Polk, Pope, Prairie, Pulaski, Randolph, Saline, Scott, Searcy, Sebastian, Sevier, Sharp, St. Francis, Stone, Union, Van Buren, Washington, White, Yell)"
"COFO","","Cornus foemina","AR(Arkansas, Ashley, Baxter, Bradley, Calhoun, Chicot, Clark, Clay, Columbia, Conway, Craighead, Crittenden, Drew, Faulkner, Franklin, Garland, Grant, Greene, Hempstead, Hot Spring, Howard, Independence, Jackson, Jefferson, Lafayette, Lincoln, Lonoke, Marion, Miller, Mississippi, Nevada, Ouachita, Perry, Phillips, Pike, Poinsett, Polk, Pope, Prairie, Pulaski, Randolph, Saline, Scott, Sevier, St. Francis, White, Woodruff, Yell)"
"COOB2","","Cotinus obovatus","AR(Baxter, Benton, Boone, Carroll, Cleburne, Crawford, Garland, Izard, Marion, Newton, Pope, Searcy, Sharp, Stone, Washington)"
"CRBR","","Crataegus brachyacantha","AR(Ashley, Columbia, Little River, Miller, Polk)"
"CRCA","","Crataegus calpodendron","AR(Garland, Logan, Newton, Phillips, Pope, Saline)"
"CRCO2","","Crataegus coccinioides","AR(Washington)"
"CRCR2","","Crataegus crus-galli","AR(Ashley, Baxter, Benton, Bradley, Calhoun, Clark, Clay, Columbia, Craighead, Crittenden, Cross, Drew, Faulkner, Franklin, Fulton, Garland, Greene, Hempstead, Hot Spring, Lincoln, Logan, Madison, Marion, Miller, Montgomery, Newton, Perry, Poinsett, Polk, Pope, Pulaski, Saline, Scott, Sevier, Sharp, St. Francis, Union, Washington)"
"CREN","","Crataegus engelmannii","AR(Ashley, Benton, Bradley, Craighead, Cross, Drew, Faulkner, Fulton, Garland, Greene, Hempstead, Hot Spring, Izard, Jefferson, Logan, Miller, Newton, Ouachita, Pike, Pope, Pulaski, Sevier, St. Francis, Washington)"
"CRFL","","Crataegus flabellata","AR(Pope)"
"CRIN3","","Crataegus intricata","AR(Benton, Carroll, Columbia, Garland, Hot Spring, Logan, Madison, Montgomery, Newton, Polk, Pope, Searcy, Stone, Union, Washington)"
"CRMA5","","Crataegus marshallii","AR(Arkansas, Ashley, Bradley, Calhoun, Clark, Clay, Cleburne, Cleveland, Columbia, Conway, Craighead, Cross, Dallas, Drew, Faulkner, Franklin, Garland, Grant, Greene, Hempstead, Hot Spring, Independence, Jefferson, Johnson, Lafayette, Lincoln, Little River, Logan, Miller, Montgomery, Nevada, Ouachita, Perry, Pike, Poinsett, Polk, Pope, Pulaski, Saline, Scott, Sevier, St. Francis, Union, White, Yell)"
"CRMO2","","Crataegus mollis","AR(Ashley, Hempstead, Sharp, Washington)"
"CROP","","Crataegus opaca","AR(Ashley, Bradley, Drew, Miller, Union)"
"CRPR2","","Crataegus pruinosa","AR(Clay, Cleburne, Columbia, Cross, Franklin, Garland, Lee, Logan, Madison, Newton, Polk, Pope, St. Francis)"
"CRPU","","Crataegus punctata","AR(Arkansas, Clay, Desha, Garland, Hempstead, Pope, Prairie, Washington, Woodruff)"
"CRSP","","Crataegus spathulata","AR(Ashley, Bradley, Calhoun, Clark, Conway, Dallas, Drew, Faulkner, Franklin, Garland, Hempstead, Hot Spring, Howard, Johnson, Lafayette, Logan, Miller, Montgomery, Nevada, Ouachita, Perry, Phillips, Pike, Polk, Pope, Pulaski, Saline, Scott, Sevier, Stone, Union, Washington, Yell)"
"CRUN","","Crataegus uniflora","AR(Benton, Cleburne, Faulkner, Franklin, Garland, Hempstead, Hot Spring, Logan, Nevada, Ouachita, Polk, Pulaski, Saline, Stone, Union, Van Buren)"
"CRVI2","","Crataegus viridis","AR(Ashley, Bradley, Carroll, Clark, Clay, Cleveland, Craighead, Desha, Drew, Faulkner, Franklin, Garland, Grant, Hempstead, Hot Spring, Howard, Jackson, Jefferson, Lafayette, Lee, Lincoln, Madison, Miller, Mississippi, Monroe, Montgomery, Ouachita, Phillips, Poinsett, Prairie, Pulaski, Sevier, St. Francis, Union, Washington)"
"CRVIV2","","Crataegus viridis var. viridis","AR(Ashley, Bradley, Carroll, Clark, Clay, Cleveland, Craighead, Desha, Drew, Faulkner, Franklin, Garland, Grant, Hempstead, Hot Spring, Howard, Jackson, Jefferson, Lafayette, Lee, Lincoln, Madison, Miller, Mississippi, Monroe, Montgomery, Ouachita, Phillips, Poinsett, Prairie, Pulaski, Sevier, St. Francis, Union, Washington)"
"DIVI5","","Diospyros virginiana","AR(Arkansas, Ashley, Baxter, Benton, Boone, Bradley, Calhoun, Carroll, Chicot, Clark, Clay, Cleburne, Cleveland, Columbia, Conway, Craighead, Crawford, Crittenden, Cross, Dallas, Desha, Drew, Faulkner, Franklin, Fulton, Garland, Grant, Greene, Hempstead, Hot Spring, Howard, Independence, Izard, Jackson, Jefferson, Johnson, Lafayette, Lawrence, Lee, Lincoln, Little River, Logan, Lonoke, Madison, Marion, Miller, Mississippi, Monroe, Montgomery, Nevada, Newton, Ouachita, Perry, Phillips, Pike, Poinsett, Polk, Pope, Prairie, Pulaski, Randolph, Saline, Scott, Searcy, Sebastian, Sevier, Sharp, St. Francis, Stone, Union, Van Buren, Washington, White, Woodruff, Yell)"
"ERHE4","","Erythrina herbacea","AR(Columbia, Union)"
"EUAT5","","Euonymus atropurpureus","AR(Baxter, Benton, Boone, Carroll, Cleburne, Conway, Craighead, Crawford, Crittenden, Faulkner, Franklin, Fulton, Hempstead, Independence, Izard, Johnson, Lee, Logan, Madison, Marion, Newton, Polk, Pope, Pulaski, Randolph, Searcy, Sebastian, Stone, Van Buren, Washington, Yell)"
"EUATA2","","Euonymus atropurpureus var. atropurpureus","AR(Baxter, Benton, Boone, Carroll, Cleburne, Conway, Craighead, Crawford, Crittenden, Faulkner, Franklin, Fulton, Hempstead, Independence, Izard, Johnson, Lee, Logan, Madison, Marion, Newton, Polk, Pope, Pulaski, Randolph, Searcy, Sebastian, Stone, Van Buren, Washington, Yell)"
"FAGR","","Fagus grandifolia","AR(Ashley, Bradley, Calhoun, Carroll, Clark, Clay, Cleveland, Columbia, Craighead, Cross, Dallas, Drew, Faulkner, Franklin, Garland, Grant, Greene, Hot Spring, Howard, Jefferson, Johnson, Lee, Lincoln, Madison, Miller, Montgomery, Nevada, Newton, Ouachita, Phillips, Pike, Poinsett, Polk, Pope, St. Francis, Union)"
"FISI2","","Firmiana simplex","AR(Drew, Lincoln)"
"FOAC","","Forestiera acuminata","AR(Arkansas, Ashley, Baxter, Bradley, Calhoun, Carroll, Chicot, Clark, Clay, Cleburne, Cleveland, Columbia, Conway, Craighead, Crawford, Crittenden, Cross, Dallas, Desha, Drew, Faulkner, Franklin, Grant, Greene, Hempstead, Howard, Independence, Izard, Jackson, Jefferson, Lafayette, Lawrence, Lee, Lincoln, Little River, Lonoke, Marion, Miller, Mississippi, Monroe, Nevada, Ouachita, Phillips, Poinsett, Pope, Prairie, Pulaski, Randolph, Scott, Sebastian, Sevier, Sharp, St. Francis, Stone, Union, White, Woodruff, Yell)"
"FRCA13","","Frangula caroliniana","AR(Ashley, Baxter, Benton, Boone, Bradley, Carroll, Chicot, Clark, Clay, Cleburne, Columbia, Conway, Craighead, Crawford, Cross, Dallas, Drew, Faulkner, Franklin, Fulton, Garland, Grant, Greene, Hempstead, Hot Spring, Howard, Independence, Izard, Jackson, Johnson, Lafayette, Lawrence, Lee, Lincoln, Little River, Logan, Madison, Marion, Miller, Montgomery, Nevada, Newton, Ouachita, Perry, Pike, Poinsett, Polk, Pope, Pulaski, Randolph, Saline, Scott, Searcy, Sevier, Sharp, Stone, Union, Van Buren, Washington, White, Woodruff, Yell)"
"FRAM2","","Fraxinus americana","AR(Arkansas, Ashley, Baxter, Benton, Boone, Bradley, Calhoun, Carroll, Chicot, Clark, Clay, Cleburne, Cleveland, Columbia, Conway, Craighead, Crawford, Crittenden, Cross, Dallas, Desha, Drew, Faulkner, Franklin, Fulton, Garland, Grant, Greene, Hempstead, Hot Spring, Howard, Independence, Izard, Jackson, Jefferson, Johnson, Lafayette, Lawrence, Lee, Lincoln, Little River, Logan, Lonoke, Madison, Marion, Miller, Monroe, Montgomery, Nevada, Newton, Ouachita, Perry, Phillips, Pike, Poinsett, Polk, Pope, Prairie, Pulaski, Randolph, Saline, Scott, Searcy, Sebastian, Sevier, Sharp, St. Francis, Stone, Union, Van Buren, Washington, White, Woodruff, Yell)"
"FRCA3","","Fraxinus caroliniana","AR(Arkansas, Ashley, Bradley, Calhoun, Clark, Cleveland, Columbia, Drew, Faulkner, Hempstead, Hot Spring, Lafayette, Miller, Ouachita, Union)"
"FRPE","","Fraxinus pennsylvanica","AR(Arkansas, Ashley, Baxter, Benton, Boone, Bradley, Calhoun, Carroll, Chicot, Clark, Clay, Cleburne, Cleveland, Columbia, Conway, Craighead, Crawford, Crittenden, Cross, Dallas, Desha, Drew, Faulkner, Franklin, Fulton, Garland, Grant, Greene, Hempstead, Hot Spring, Howard, Independence, Izard, Jackson, Jefferson, Johnson, Lafayette, Lawrence, Lee, Lincoln, Little River, Logan, Lonoke, Madison, Marion, Miller, Mississippi, Monroe, Montgomery, Nevada, Newton, Ouachita, Perry, Phillips, Pike, Poinsett, Polk, Pope, Prairie, Pulaski, Randolph, Saline, Scott, Searcy, Sebastian, Sevier, Sharp, St. Francis, Stone, Union, Van Buren, Washington, White, Woodruff, Yell)"
"FRPR","","Fraxinus profunda","AR(Ashley, Bradley, Clay, Cleveland, Craighead, Jackson, Lincoln, Phillips, Poinsett)"
"FRQU","","Fraxinus quadrangulata","AR(Baxter, Benton, Carroll, Clay, Crawford, Franklin, Garland, Hempstead, Izard, Johnson, Little River, Logan, Madison, Marion, Miller, Newton, Phillips, Polk, Pope, Searcy, Sevier, St. Francis, Stone, Washington)"
"GLAQ","","Gleditsia aquatica","AR(Arkansas, Ashley, Bradley, Chicot, Clark, Clay, Columbia, Craighead, Crittenden, Cross, Desha, Drew, Grant, Greene, Hempstead, Jefferson, Lafayette, Lawrence, Lee, Lincoln, Little River, Lonoke, Miller, Mississippi, Monroe, Nevada, Ouachita, Phillips, Poinsett, Prairie, Pulaski, St. Francis, Union, Woodruff)"
"GLTR","","Gleditsia triacanthos","AR(Arkansas, Ashley, Baxter, Benton, Boone, Bradley, Calhoun, Carroll, Chicot, Clark, Clay, Cleburne, Cleveland, Columbia, Conway, Craighead, Crawford, Crittenden, Cross, Dallas, Desha, Drew, Faulkner, Franklin, Fulton, Garland, Grant, Greene, Hempstead, Hot Spring, Howard, Independence, Izard, Jackson, Jefferson, Johnson, Lafayette, Lawrence, Lee, Lincoln, Little River, Logan, Lonoke, Madison, Marion, Miller, Mississippi, Monroe, Montgomery, Nevada, Newton, Ouachita, Perry, Phillips, Pike, Poinsett, Polk, Pope, Prairie, Pulaski, Randolph, Saline, Scott, Searcy, Sebastian, Sevier, Sharp, St. Francis, Stone, Union, Van Buren, Washington, White, Yell)"
"GYDI","","Gymnocladus dioicus","AR(Arkansas, Baxter, Benton, Boone, Carroll, Clark, Cleburne, Crawford, Crittenden, Faulkner, Franklin, Fulton, Garland, Independence, Izard, Jefferson, Lawrence, Lee, Madison, Marion, Mississippi, Newton, Phillips, Pope, Pulaski, Randolph, Saline, Searcy, Sebastian, Sharp, St. Francis, Stone, Van Buren, Washington, White)"
"HATE3","","Halesia tetraptera","AR(Carroll, Clark, Cleburne, Crawford, Franklin, Garland, Johnson, Montgomery, Newton, Polk, Pope, Pulaski, Saline, Van Buren)"
"HATET","","Halesia tetraptera var. tetraptera","AR(Carroll, Clark, Cleburne, Crawford, Franklin, Garland, Johnson, Montgomery, Newton, Polk, Pope, Pulaski, Saline, Van Buren)"
"HAVE2","","Hamamelis vernalis","AR(Baxter, Benton, Carroll, Clark, Cleburne, Conway, Crawford, Faulkner, Franklin, Garland, Hot Spring, Howard, Independence, Izard, Johnson, Logan, Madison, Marion, Montgomery, Newton, Perry, Pike, Polk, Pope, Pulaski, Saline, Scott, Searcy, Stone, Van Buren, Washington, White, Yell)"
"HAVI4","","Hamamelis virginiana","AR(Ashley, Baxter, Benton, Bradley, Calhoun, Carroll, Clark, Cleburne, Columbia, Conway, Crawford, Dallas, Drew, Faulkner, Franklin, Garland, Grant, Hempstead, Hot Spring, Howard, Independence, Izard, Jefferson, Johnson, Lee, Lincoln, Logan, Madison, Montgomery, Nevada, Newton, Ouachita, Pike, Polk, Pope, Pulaski, Randolph, Saline, Searcy, St. Francis, Stone, Union, Van Buren, Washington, Yell)"
"HISY","","Hibiscus syriacus","AR(Bradley, Faulkner, Garland, Hempstead, Phillips, Pope, Pulaski, Scott, Washington)"
"ILAM","","Ilex ambigua","AR(Ashley, Clark, Conway, Desha, Faulkner, Garland, Hempstead, Independence, Izard, Johnson, Logan, Marion, Montgomery, Newton, Ouachita, Pike, Polk, Pope, Saline, Stone, Union)"
"ILDE","","Ilex decidua","AR(Arkansas, Ashley, Baxter, Benton, Boone, Bradley, Calhoun, Carroll, Chicot, Clark, Clay, Cleburne, Cleveland, Columbia, Conway, Craighead, Crawford, Crittenden, Cross, Dallas, Desha, Drew, Faulkner, Franklin, Fulton, Garland, Grant, Greene, Hempstead, Hot Spring, Howard, Independence, Izard, Jackson, Jefferson, Johnson, Lafayette, Lawrence, Lee, Lincoln, Little River, Logan, Lonoke, Madison, Marion, Miller, Mississippi, Monroe, Montgomery, Nevada, Newton, Ouachita, Perry, Phillips, Pike, Poinsett, Polk, Pope, Prairie, Pulaski, Randolph, Saline, Scott, Searcy, Sebastian, Sevier, Sharp, St. Francis, Stone, Union, Van Buren, Washington, White, Woodruff, Yell)"
"ILLO","","Ilex longipes","AR(Garland, Montgomery, Pike, Polk)"
"ILOP","","Ilex opaca","AR(Arkansas, Ashley, Bradley, Calhoun, Chicot, Clark, Clay, Cleveland, Columbia, Conway, Craighead, Crittenden, Cross, Dallas, Desha, Drew, Garland, Grant, Greene, Hempstead, Hot Spring, Howard, Jefferson, Johnson, Lafayette, Lee, Lincoln, Little River, Lonoke, Miller, Mississippi, Monroe, Montgomery, Nevada, Ouachita, Perry, Phillips, Pike, Poinsett, Polk, Pulaski, Saline, Scott, Sevier, St. Francis, Union)"
"ILOPO","","Ilex opaca var. opaca","AR(Arkansas, Ashley, Bradley, Calhoun, Chicot, Clark, Clay, Cleveland, Columbia, Conway, Craighead, Crittenden, Cross, Dallas, Desha, Drew, Garland, Grant, Greene, Hempstead, Hot Spring, Howard, Jefferson, Johnson, Lafayette, Lee, Lincoln, Little River, Lonoke, Miller, Mississippi, Monroe, Montgomery, Nevada, Ouachita, Perry, Phillips, Pike, Poinsett, Polk, Pulaski, Saline, Scott, Sevier, St. Francis, Union)"
"ILVE","","Ilex verticillata","AR(Ashley, Faulkner, Independence, Poinsett, Pulaski, Saline)"
"ILVO","","Ilex vomitoria","AR(Clark, Drew, Garland, Hempstead, Hot Spring, Montgomery, Pike, Polk, Pulaski, Sevier)"
"JUCI","","Juglans cinerea","AR(Baxter, Benton, Clay, Craighead, Cross, Greene, Jefferson, Marion, Phillips, Poinsett, Randolph, St. Francis, Stone)"
"JUNI","","Juglans nigra","AR(Arkansas, Ashley, Baxter, Benton, Boone, Bradley, Calhoun, Carroll, Chicot, Clark, Clay, Cleburne, Cleveland, Columbia, Conway, Craighead, Crawford, Crittenden, Cross, Dallas, Desha, Drew, Faulkner, Franklin, Fulton, Garland, Grant, Greene, Hempstead, Hot Spring, Howard, Independence, Izard, Jackson, Jefferson, Johnson, Lafayette, Lawrence, Lincoln, Little River, Logan, Lonoke, Madison, Marion, Miller, Montgomery, Nevada, Newton, Ouachita, Perry, Pike, Poinsett, Polk, Pope, Pulaski, Randolph, Saline, Scott, Searcy, Sebastian, Sevier, Sharp, St. Francis, Stone, Union, Van Buren, Washington, White, Yell)"
"JUAS","","Juniperus ashei","AR(Baxter, Benton, Carroll, Hempstead, Independence, Izard, Lawrence, Little River, Logan, Marion, Newton, Searcy, Sevier, Sharp, Stone, Washington)"
"JUVI","","Juniperus virginiana","AR(Arkansas, Ashley, Baxter, Benton, Boone, Bradley, Calhoun, Carroll, Chicot, Clark, Clay, Cleburne, Cleveland, Columbia, Conway, Craighead, Crawford, Crittenden, Cross, Dallas, Desha, Drew, Faulkner, Franklin, Fulton, Garland, Grant, Greene, Hempstead, Hot Spring, Howard, Independence, Izard, Jackson, Jefferson, Johnson, Lafayette, Lawrence, Lee, Lincoln, Little River, Logan, Lonoke, Madison, Marion, Miller, Mississippi, Monroe, Montgomery, Nevada, Newton, Ouachita, Perry, Phillips, Pike, Poinsett, Polk, Pope, Prairie, Pulaski, Randolph, Saline, Scott, Searcy, Sevier, Sharp, St. Francis, Stone, Union, Van Buren, Washington, White, Woodruff, Yell)"
"JUVIV","","Juniperus virginiana var. virginiana","AR(Arkansas, Ashley, Baxter, Benton, Boone, Bradley, Calhoun, Carroll, Chicot, Clark, Clay, Cleburne, Cleveland, Columbia, Conway, Craighead, Crawford, Crittenden, Cross, Dallas, Desha, Drew, Faulkner, Franklin, Fulton, Garland, Grant, Greene, Hempstead, Hot Spring, Howard, Independence, Izard, Jackson, Jefferson, Johnson, Lafayette, Lawrence, Lee, Lincoln, Little River, Logan, Lonoke, Madison, Marion, Miller, Mississippi, Monroe, Montgomery, Nevada, Newton, Ouachita, Perry, Phillips, Pike, Poinsett, Polk, Pope, Prairie, Pulaski, Randolph, Saline, Scott, Searcy, Sevier, Sharp, St. Francis, Stone, Union, Van Buren, Washington, White, Woodruff, Yell)"
"LEPI16","","Leitneria pilosa","AR(Arkansas, Chicot, Clay, Craighead, Greene, Jackson, Jefferson, Lawrence, Lincoln, Mississippi, Randolph, Woodruff)"
"LEPIO","","Leitneria pilosa ssp. ozarkana","AR(Arkansas, Chicot, Clay, Craighead, Greene, Jackson, Jefferson, Lawrence, Lincoln, Mississippi, Randolph, Woodruff)"
"LISI","","Ligustrum sinense","AR(Arkansas, Ashley, Baxter, Bradley, Calhoun, Chicot, Clark, Cleburne, Cleveland, Conway, Desha, Drew, Faulkner, Garland, Grant, Hempstead, Jefferson, Johnson, Lafayette, Lincoln, Little River, Logan, Lonoke, Mississippi, Monroe, Montgomery, Nevada, Newton, Ouachita, Phillips, Poinsett, Pope, Pulaski, Saline, Scott, Sevier, St. Francis, Union, Washington, White, Woodruff, Yell)"
"LIBE3","","Lindera benzoin","AR(Arkansas, Ashley, Baxter, Benton, Boone, Calhoun, Carroll, Clark, Clay, Cleburne, Columbia, Conway, Craighead, Crawford, Crittenden, Cross, Dallas, Desha, Drew, Faulkner, Franklin, Fulton, Garland, Grant, Greene, Hempstead, Hot Spring, Howard, Independence, Izard, Jefferson, Johnson, Lee, Little River, Logan, Madison, Marion, Miller, Mississippi, Monroe, Montgomery, Nevada, Newton, Ouachita, Phillips, Pike, Poinsett, Polk, Pope, Pulaski, Randolph, Saline, Scott, Searcy, Sebastian, Sharp, St. Francis, Stone, Union, Van Buren, Washington, White, Yell)"
"LIME7","","Lindera melissifolia","AR(Clay, Craighead, Jackson, Lawrence, Woodruff)"
"LIST2","","Liquidambar styraciflua","AR(Arkansas, Ashley, Benton, Bradley, Calhoun, Chicot, Clark, Clay, Cleburne, Cleveland, Columbia, Conway, Craighead, Crawford, Crittenden, Cross, Dallas, Desha, Drew, Faulkner, Franklin, Garland, Grant, Greene, Hempstead, Hot Spring, Howard, Independence, Izard, Jackson, Jefferson, Johnson, Lafayette, Lawrence, Lee, Lincoln, Little River, Logan, Lonoke, Madison, Marion, Miller, Mississippi, Monroe, Montgomery, Nevada, Newton, Ouachita, Perry, Phillips, Pike, Poinsett, Polk, Pope, Prairie, Pulaski, Randolph, Saline, Scott, Searcy, Sebastian, Sevier, Sharp, St. Francis, Stone, Union, Van Buren, Washington, White, Woodruff, Yell)"
"LITU","","Liriodendron tulipifera","AR(Ashley, Chicot, Clark, Clay, Craighead, Cross, Desha, Faulkner, Franklin, Greene, Howard, Lawrence, Lee, Lonoke, Phillips, Poinsett, Pulaski, Saline, St. Francis, Union)"
"MAPO","","Maclura pomifera","AR(Arkansas, Ashley, Baxter, Benton, Boone, Chicot, Clark, Cleburne, Conway, Craighead, Crawford, Crittenden, Cross, Drew, Faulkner, Franklin, Garland, Greene, Hempstead, Hot Spring, Howard, Independence, Izard, Jefferson, Lafayette, Lee, Lincoln, Little River, Logan, Miller, Mississippi, Montgomery, Nevada, Newton, Phillips, Poinsett, Polk, Pope, Pulaski, Scott, Searcy, Sevier, St. Francis, Union, Washington, Yell)"
"MAAC","","Magnolia acuminata","AR(Baxter, Carroll, Clark, Clay, Cleburne, Crawford, Cross, Faulkner, Franklin, Independence, Izard, Johnson, Lee, Logan, Madison, Marion, Newton, Phillips, Polk, Pope, Searcy, St. Francis, Stone, Van Buren, Washington)"
"MAGR4","","Magnolia grandiflora","AR(Ashley, Bradley, Clark, Craighead, Faulkner, Hempstead, Pulaski, Union)"
"MAMA2","","Magnolia macrophylla","AR(Clay)"
"MATR","","Magnolia tripetala","AR(Clark, Faulkner, Franklin, Garland, Hot Spring, Johnson, Madison, Montgomery, Newton, Pike, Polk, Pope, Saline, Scott, Union)"
"MAVI2","","Magnolia virginiana","AR(Ashley, Bradley, Calhoun, Chicot, Clark, Columbia, Dallas, Hempstead, Hot Spring, Lafayette, Nevada, Ouachita, Saline, Union)"
"MAAN3","","Malus angustifolia","AR(Ashley, Bradley, Clark, Clay, Columbia, Craighead, Desha, Drew, Fulton, Greene, Hempstead, Miller, Nevada, Newton, Ouachita, Phillips, Pike, Pulaski, St. Francis, Union, Yell)"
"MAANA","","Malus angustifolia var. angustifolia","AR(Ashley, Bradley, Clark, Clay, Columbia, Craighead, Desha, Drew, Fulton, Greene, Hempstead, Miller, Nevada, Newton, Ouachita, Phillips, Pike, Pulaski, St. Francis, Union, Yell)"
"MACO5","","Malus coronaria","AR(Clay, Craighead, St. Francis)"
"MAIO","","Malus ioensis","AR(Benton, Craighead, Drew, Hempstead, Howard, Jackson, Montgomery, Washington)"
"MAIOI","","Malus ioensis var. ioensis","AR(Benton, Craighead, Drew, Hempstead, Howard, Jackson, Montgomery, Washington)"
"MAPU","","Malus pumila","AR(Ashley, Benton, Boone, Bradley, Johnson, St. Francis, Washington, Yell)"
"MEAZ","","Melia azedarach","AR(Arkansas, Ashley, Bradley, Calhoun, Chicot, Clark, Clay, Cleburne, Columbia, Conway, Crittenden, Cross, Desha, Drew, Faulkner, Franklin, Garland, Grant, Greene, Hempstead, Howard, Jefferson, Johnson, Lee, Lincoln, Little River, Lonoke, Miller, Mississippi, Ouachita, Phillips, Pope, Pulaski, Scott, St. Francis, Stone, Union, White, Yell)"
"MOCA7","","Morella caroliniensis","AR(Ashley, Bradley, Calhoun, Clark, Cleveland, Columbia, Dallas, Hempstead, Hot Spring, Jefferson, Ouachita, Saline, Union)"
"MOCE2","","Morella cerifera","AR(Ashley, Bradley, Calhoun, Clark, Columbia, Dallas, Drew, Garland, Grant, Hempstead, Hot Spring, Howard, Lafayette, Little River, Miller, Nevada, Ouachita, Pike, Polk, Saline, Union)"
"MOAL","","Morus alba","AR(Ashley, Baxter, Benton, Boone, Bradley, Cleburne, Crittenden, Faulkner, Franklin, Garland, Independence, Izard, Jefferson, Lonoke, Newton, Perry, Pope, Prairie, Pulaski, Randolph, Searcy, St. Francis, Stone, Washington)"
"MORU2","","Morus rubra","AR(Arkansas, Ashley, Baxter, Benton, Boone, Bradley, Calhoun, Carroll, Chicot, Clark, Clay, Cleburne, Cleveland, Columbia, Conway, Craighead, Crawford, Crittenden, Cross, Dallas, Desha, Drew, Faulkner, Franklin, Fulton, Garland, Grant, Greene, Hempstead, Hot Spring, Howard, Independence, Izard, Jackson, Jefferson, Johnson, Lafayette, Lawrence, Lee, Lincoln, Little River, Logan, Lonoke, Madison, Marion, Miller, Mississippi, Monroe, Montgomery, Nevada, Newton, Ouachita, Perry, Phillips, Pike, Poinsett, Polk, Pope, Prairie, Pulaski, Randolph, Saline, Scott, Searcy, Sebastian, Sevier, Sharp, St. Francis, Stone, Union, Van Buren, Washington, White, Woodruff, Yell)"
"MORUR","","Morus rubra var. rubra","AR(Arkansas, Ashley, Baxter, Benton, Boone, Bradley, Calhoun, Carroll, Chicot, Clark, Clay, Cleburne, Cleveland, Columbia, Conway, Craighead, Crawford, Crittenden, Cross, Dallas, Desha, Drew, Faulkner, Franklin, Fulton, Garland, Grant, Greene, Hempstead, Hot Spring, Howard, Independence, Izard, Jackson, Jefferson, Johnson, Lafayette, Lawrence, Lee, Lincoln, Little River, Logan, Lonoke, Madison, Marion, Miller, Mississippi, Monroe, Montgomery, Nevada, Newton, Ouachita, Perry, Phillips, Pike, Poinsett, Polk, Pope, Prairie, Pulaski, Randolph, Saline, Scott, Searcy, Sebastian, Sevier, Sharp, St. Francis, Stone, Union, Van Buren, Washington, White, Woodruff, Yell)"
"NYAQ2","","Nyssa aquatica","AR(Arkansas, Ashley, Bradley, Calhoun, Chicot, Clark, Clay, Columbia, Conway, Craighead, Crittenden, Cross, Desha, Drew, Faulkner, Greene, Hempstead, Independence, Jackson, Jefferson, Lafayette, Lawrence, Lee, Lincoln, Lonoke, Miller, Mississippi, Monroe, Nevada, Ouachita, Phillips, Poinsett, Pope, Prairie, Pulaski, Randolph, Saline, St. Francis, Union, White, Woodruff, Yell)"
"NYBI","","Nyssa biflora","AR(Bradley, Nevada, Pulaski, Union)"
"NYSY","","Nyssa sylvatica","AR(Arkansas, Ashley, Baxter, Benton, Boone, Bradley, Calhoun, Carroll, Chicot, Clark, Clay, Cleburne, Cleveland, Columbia, Conway, Craighead, Crawford, Cross, Dallas, Desha, Drew, Faulkner, Franklin, Fulton, Garland, Grant, Greene, Hempstead, Hot Spring, Howard, Independence, Izard, Jackson, Jefferson, Johnson, Lafayette, Lawrence, Lee, Lincoln, Little River, Logan, Lonoke, Madison, Marion, Miller, Mississippi, Monroe, Montgomery, Nevada, Newton, Ouachita, Perry, Phillips, Pike, Poinsett, Polk, Pope, Prairie, Pulaski, Randolph, Saline, Scott, Searcy, Sebastian, Sevier, Sharp, St. Francis, Stone, Union, Van Buren, Washington, White, Woodruff, Yell)"
"OSVI","","Ostrya virginiana","AR(Arkansas, Ashley, Baxter, Benton, Boone, Bradley, Carroll, Clark, Clay, Cleburne, Columbia, Conway, Craighead, Crawford, Cross, Desha, Drew, Faulkner, Franklin, Fulton, Garland, Grant, Greene, Hempstead, Hot Spring, Howard, Independence, Izard, Jackson, Jefferson, Johnson, Lafayette, Lawrence, Lee, Lincoln, Little River, Logan, Lonoke, Madison, Marion, Miller, Mississippi, Monroe, Montgomery, Nevada, Newton, Ouachita, Perry, Phillips, Pike, Poinsett, Polk, Pope, Prairie, Pulaski, Randolph, Saline, Scott, Searcy, Sebastian, Sevier, Sharp, St. Francis, Stone, Union, Van Buren, Washington, White, Woodruff, Yell)"
"PATO2","","Paulownia tomentosa","AR(Arkansas, Ashley, Boone, Bradley, Clark, Cleburne, Cleveland, Craighead, Crawford, Drew, Franklin, Garland, Hempstead, Hot Spring, Howard, Izard, Jefferson, Johnson, Lee, Ouachita, Phillips, Poinsett, Pope, Prairie, Pulaski, Saline, St. Francis, Union, Washington, Yell)"
"PEBO","","Persea borbonia","AR(Miller)"
"PIEC2","","Pinus echinata","AR(Ashley, Baxter, Benton, Boone, Bradley, Calhoun, Carroll, Chicot, Clark, Cleburne, Cleveland, Columbia, Conway, Craighead, Crawford, Cross, Dallas, Desha, Drew, Faulkner, Franklin, Fulton, Garland, Grant, Greene, Hempstead, Hot Spring, Howard, Independence, Izard, Jefferson, Johnson, Lafayette, Lincoln, Little River, Logan, Madison, Marion, Miller, Montgomery, Nevada, Newton, Ouachita, Perry, Pike, Poinsett, Polk, Pope, Pulaski, Saline, Scott, Searcy, Sebastian, Sevier, Sharp, St. Francis, Stone, Union, Van Buren, Washington, White, Yell)"
"PIST","","Pinus strobus","AR(Montgomery)"
"PITA","","Pinus taeda","AR(Arkansas, Ashley, Bradley, Calhoun, Clark, Cleveland, Columbia, Dallas, Drew, Faulkner, Garland, Grant, Hempstead, Hot Spring, Jefferson, Lafayette, Lincoln, Little River, Lonoke, Miller, Monroe, Montgomery, Nevada, Ouachita, Pike, Pulaski, Saline, Sevier, Union)"
"PLAQ","","Planera aquatica","AR(Arkansas, Ashley, Bradley, Calhoun, Chicot, Clark, Clay, Cleveland, Columbia, Conway, Craighead, Crawford, Crittenden, Cross, Dallas, Desha, Drew, Faulkner, Garland, Grant, Greene, Hempstead, Howard, Jefferson, Lafayette, Lee, Lincoln, Little River, Lonoke, Miller, Mississippi, Monroe, Nevada, Ouachita, Phillips, Pike, Poinsett, Pope, Pulaski, Randolph, Sevier, St. Francis, Union, Yell)"
"PLOC","","Platanus occidentalis","AR(Arkansas, Ashley, Baxter, Benton, Boone, Bradley, Calhoun, Carroll, Chicot, Clark, Clay, Cleburne, Cleveland, Columbia, Conway, Craighead, Crawford, Crittenden, Cross, Dallas, Desha, Drew, Faulkner, Franklin, Fulton, Garland, Grant, Greene, Hempstead, Hot Spring, Howard, Independence, Izard, Jackson, Jefferson, Johnson, Lafayette, Lawrence, Lee, Lincoln, Little River, Logan, Lonoke, Madison, Marion, Miller, Mississippi, Monroe, Montgomery, Nevada, Newton, Ouachita, Perry, Phillips, Pike, Poinsett, Polk, Pope, Prairie, Pulaski, Randolph, Saline, Scott, Searcy, Sebastian, Sevier, Sharp, St. Francis, Stone, Union, Van Buren, Washington, White, Woodruff, Yell)"
"POTR4","","Poncirus trifoliata","AR(Arkansas, Ashley, Bradley, Cleveland, Dallas, Faulkner, Franklin, Garland, Hempstead, Hot Spring, Jefferson, Lawrence, Lee, Lonoke, Miller, Ouachita, Perry, Pike, Pope, Pulaski, Sevier, Stone, Union, Van Buren, Washington)"
"POAL7","","Populus alba","AR(Arkansas, Ashley, Benton, Clark, Clay, Columbia, Drew, Faulkner, Franklin, Garland, Greene, Hot Spring, Izard, Jefferson, Lafayette, Logan, Miller, Monroe, Newton, Ouachita, Pope, Pulaski, Saline, Searcy, St. Francis, Stone, Union, Washington)"
"PODE3","","Populus deltoides","AR(Arkansas, Ashley, Baxter, Benton, Boone, Bradley, Calhoun, Carroll, Chicot, Clark, Clay, Cleburne, Cleveland, Columbia, Conway, Craighead, Crawford, Crittenden, Cross, Dallas, Desha, Drew, Faulkner, Franklin, Fulton, Garland, Grant, Greene, Hempstead, Hot Spring, Howard, Independence, Izard, Jackson, Jefferson, Johnson, Lafayette, Lawrence, Lee, Lincoln, Little River, Logan, Lonoke, Madison, Marion, Miller, Mississippi, Monroe, Montgomery, Nevada, Newton, Ouachita, Perry, Phillips, Pike, Poinsett, Polk, Pope, Prairie, Pulaski, Randolph, Saline, Scott, Searcy, Sebastian, Sevier, Sharp, St. Francis, Stone, Union, Van Buren, Washington, White, Woodruff, Yell)"
"PODED","","Populus deltoides ssp. deltoides","AR(Arkansas, Ashley, Baxter, Benton, Boone, Bradley, Calhoun, Carroll, Chicot, Clark, Clay, Cleburne, Cleveland, Columbia, Conway, Craighead, Crawford, Crittenden, Cross, Dallas, Desha, Drew, Faulkner, Franklin, Fulton, Garland, Grant, Greene, Hempstead, Hot Spring, Howard, Independence, Izard, Jackson, Jefferson, Johnson, Lafayette, Lawrence, Lee, Lincoln, Little River, Logan, Lonoke, Madison, Marion, Miller, Mississippi, Monroe, Montgomery, Nevada, Newton, Ouachita, Perry, Phillips, Pike, Poinsett, Polk, Pope, Prairie, Pulaski, Randolph, Saline, Scott, Searcy, Sebastian, Sevier, Sharp, St. Francis, Stone, Union, Van Buren, Washington, White, Woodruff, Yell)"
"POHE4","","Populus heterophylla","AR(Ashley, Bradley, Chicot, Clay, Cleveland, Craighead, Desha, Drew, Greene, Jackson, Jefferson, Lee, Monroe, Phillips, Poinsett, Prairie, Pulaski, St. Francis, Woodruff)"
"PRAM","","Prunus americana","AR(Baxter, Benton, Boone, Carroll, Clark, Conway, Craighead, Crawford, Faulkner, Franklin, Fulton, Garland, Hempstead, Independence, Izard, Jackson, Jefferson, Johnson, Lincoln, Logan, Madison, Marion, Montgomery, Newton, Perry, Pope, Prairie, Pulaski, Saline, Scott, Searcy, Stone, Van Buren, Washington, White)"
"PRAN3","","Prunus angustifolia","AR(Arkansas, Ashley, Baxter, Benton, Boone, Carroll, Clark, Clay, Cleburne, Cleveland, Columbia, Conway, Craighead, Cross, Dallas, Desha, Drew, Faulkner, Franklin, Fulton, Garland, Greene, Hempstead, Hot Spring, Howard, Independence, Izard, Jefferson, Johnson, Lafayette, Lee, Little River, Logan, Madison, Marion, Miller, Nevada, Newton, Ouachita, Perry, Phillips, Poinsett, Polk, Pope, Prairie, Pulaski, Saline, Scott, Searcy, Sevier, St. Francis, Stone, Union, Van Buren, Washington)"
"PRANA","","Prunus angustifolia var. angustifolia","AR(Arkansas, Ashley, Baxter, Benton, Boone, Carroll, Clark, Clay, Cleburne, Cleveland, Columbia, Conway, Craighead, Cross, Dallas, Desha, Drew, Faulkner, Franklin, Fulton, Garland, Greene, Hempstead, Hot Spring, Howard, Independence, Izard, Jefferson, Johnson, Lafayette, Lee, Little River, Logan, Madison, Marion, Miller, Nevada, Newton, Ouachita, Perry, Phillips, Poinsett, Polk, Pope, Prairie, Pulaski, Saline, Scott, Searcy, Sevier, St. Francis, Stone, Union, Van Buren, Washington)"
"PRHO","","Prunus hortulana","AR(Baxter, Benton, Carroll, Fulton, Poinsett, Polk, Washington)"
"PRMA","","Prunus mahaleb","AR(Carroll, Logan, Washington)"
"PRME","","Prunus mexicana","AR(Arkansas, Ashley, Baxter, Benton, Boone, Bradley, Carroll, Clark, Clay, Cleburne, Columbia, Conway, Craighead, Crawford, Cross, Drew, Faulkner, Franklin, Fulton, Garland, Grant, Greene, Hempstead, Hot Spring, Howard, Izard, Jefferson, Johnson, Lawrence, Lee, Little River, Logan, Madison, Marion, Miller, Monroe, Montgomery, Nevada, Newton, Ouachita, Phillips, Pike, Poinsett, Polk, Pope, Pulaski, Randolph, Saline, Scott, Searcy, Sebastian, Sevier, St. Francis, Stone, Union, Van Buren, Washington, Yell)"
"PRMU","","Prunus munsoniana","AR(Benton, Boone, Bradley, Calhoun, Carroll, Drew, Franklin, Garland, Hempstead, Madison, Miller, Nevada, Pulaski, Washington)"
"PRPE3","","Prunus persica","AR(Ashley, Benton, Boone, Bradley, Clark, Crawford, Crittenden, Dallas, Drew, Faulkner, Franklin, Garland, Hempstead, Howard, Jefferson, Johnson, Lee, Lincoln, Logan, Madison, Marion, Miller, Newton, Phillips, Poinsett, Pope, Pulaski, Scott, St. Francis, Stone, Union, Washington, Yell)"
"PRPEP2","","Prunus persica var. persica","AR(Ashley, Benton, Boone, Bradley, Clark, Crawford, Crittenden, Dallas, Drew, Faulkner, Franklin, Garland, Hempstead, Howard, Jefferson, Johnson, Lee, Lincoln, Logan, Madison, Marion, Miller, Newton, Phillips, Poinsett, Pope, Pulaski, Scott, St. Francis, Stone, Union, Washington, Yell)"
"PRSE2","","Prunus serotina","AR(Arkansas, Ashley, Baxter, Benton, Boone, Bradley, Calhoun, Carroll, Chicot, Clark, Clay, Cleburne, Cleveland, Columbia, Conway, Craighead, Crawford, Crittenden, Cross, Dallas, Desha, Drew, Faulkner, Franklin, Fulton, Garland, Grant, Greene, Hempstead, Hot Spring, Howard, Independence, Izard, Jackson, Jefferson, Johnson, Lafayette, Lawrence, Lincoln, Little River, Logan, Lonoke, Madison, Marion, Miller, Monroe, Montgomery, Nevada, Newton, Ouachita, Perry, Phillips, Pike, Poinsett, Polk, Pope, Pulaski, Randolph, Saline, Scott, Searcy, Sebastian, Sevier, Sharp, St. Francis, Stone, Union, Van Buren, Washington, White, Woodruff, Yell)"
"PRSES","","Prunus serotina var. serotina","AR(Arkansas, Ashley, Baxter, Benton, Boone, Bradley, Calhoun, Carroll, Chicot, Clark, Clay, Cleburne, Cleveland, Columbia, Conway, Craighead, Crawford, Crittenden, Cross, Dallas, Desha, Drew, Faulkner, Franklin, Fulton, Garland, Grant, Greene, Hempstead, Hot Spring, Howard, Independence, Izard, Jackson, Jefferson, Johnson, Lafayette, Lawrence, Lincoln, Little River, Logan, Lonoke, Madison, Marion, Miller, Monroe, Montgomery, Nevada, Newton, Ouachita, Perry, Phillips, Pike, Poinsett, Polk, Pope, Pulaski, Randolph, Saline, Scott, Searcy, Sebastian, Sevier, Sharp, St. Francis, Stone, Union, Van Buren, Washington, White, Woodruff, Yell)"
"PRUM","","Prunus umbellata","AR(Ashley, Bradley, Calhoun, Clark, Columbia, Dallas, Faulkner, Hempstead, Hot Spring, Jefferson, Lafayette, Little River, Miller, Nevada, Ouachita, Perry, Pike, Polk, Saline, Union)"
"PRUMU","","Prunus umbellata var. umbellata","AR(Ashley, Bradley, Calhoun, Clark, Columbia, Dallas, Faulkner, Hempstead, Hot Spring, Jefferson, Lafayette, Little River, Miller, Nevada, Ouachita, Perry, Pike, Polk, Saline, Union)"
"PRVI","","Prunus virginiana","AR(Benton, Boone)"
"PRVIV","","Prunus virginiana var. virginiana","AR(Benton, Boone)"
"PTTR","","Ptelea trifoliata","AR(Arkansas, Ashley, Baxter, Benton, Boone, Bradley, Carroll, Cleburne, Conway, Crawford, Drew, Faulkner, Franklin, Fulton, Garland, Greene, Hempstead, Hot Spring, Howard, Independence, Izard, Johnson, Lawrence, Little River, Logan, Madison, Marion, Miller, Monroe, Montgomery, Newton, Perry, Pike, Polk, Pope, Pulaski, Randolph, Saline, Scott, Searcy, Sevier, Sharp, Stone, Van Buren, Washington, White, Yell)"
"PYCA80","","Pyrus calleryana","AR(Ashley, Bradley, Drew)"
"PYCO","","Pyrus communis","AR(Arkansas, Carroll, Clark, Dallas, Drew, Faulkner, Franklin, Fulton, Izard, Jefferson, Johnson, Logan, Phillips, Pope, Pulaski, Stone, Union, Washington)"
"QUAC2","","Quercus acerifolia","AR(Logan, Montgomery, Polk, Sebastian)"
"QUAL","","Quercus alba","AR(Arkansas, Ashley, Baxter, Benton, Boone, Bradley, Calhoun, Carroll, Chicot, Clark, Clay, Cleburne, Cleveland, Columbia, Conway, Craighead, Crawford, Crittenden, Cross, Dallas, Desha, Drew, Faulkner, Franklin, Fulton, Garland, Grant, Greene, Hempstead, Hot Spring, Howard, Independence, Izard, Jackson, Jefferson, Johnson, Lafayette, Lawrence, Lee, Lincoln, Little River, Logan, Lonoke, Madison, Marion, Miller, Mississippi, Monroe, Montgomery, Nevada, Newton, Ouachita, Perry, Phillips, Pike, Poinsett, Polk, Pope, Prairie, Pulaski, Randolph, Saline, Scott, Searcy, Sebastian, Sevier, Sharp, St. Francis, Stone, Union, Van Buren, Washington, White, Woodruff, Yell)"
"QUAR2","","Quercus arkansana","AR(Clark, Hempstead, Howard, Miller, Nevada, Ouachita, Union)"
"QUCO2","","Quercus coccinea","AR(Clay, Cross, St. Francis)"
"QUCOC","","Quercus coccinea var. coccinea","AR(Clay, Cross, St. Francis)"
"QUFA","","Quercus falcata","AR(Arkansas, Ashley, Baxter, Benton, Boone, Bradley, Calhoun, Carroll, Chicot, Clark, Clay, Cleburne, Cleveland, Columbia, Conway, Craighead, Crawford, Crittenden, Cross, Dallas, Desha, Drew, Faulkner, Franklin, Fulton, Garland, Grant, Greene, Hempstead, Hot Spring, Howard, Independence, Izard, Jackson, Jefferson, Johnson, Lafayette, Lawrence, Lee, Lincoln, Little River, Logan, Lonoke, Madison, Marion, Miller, Mississippi, Monroe, Montgomery, Nevada, Newton, Ouachita, Perry, Phillips, Pike, Poinsett, Polk, Pope, Prairie, Pulaski, Randolph, Saline, Scott, Searcy, Sebastian, Sevier, Sharp, St. Francis, Stone, Union, Van Buren, Washington, White, Woodruff, Yell)"
"QUIM","","Quercus imbricaria","AR(Ashley, Boone, Clark, Clay, Craighead, Crawford, Drew, Franklin, Fulton, Hot Spring, Izard, Jefferson, Johnson, Lawrence, Madison, Marion, Pope, Randolph, Saline, Searcy, Washington)"
"QUIN","","Quercus incana","AR(Clark, Hempstead, Miller, Nevada, Ouachita)"
"QULA3","","Quercus laurifolia","AR(Ashley, Bradley, Calhoun, Clark, Cleveland, Greene, Little River, Miller, Sevier, Union)"
"QULY","","Quercus lyrata","AR(Arkansas, Ashley, Bradley, Calhoun, Chicot, Clark, Clay, Cleburne, Cleveland, Columbia, Conway, Craighead, Crittenden, Cross, Dallas, Desha, Drew, Faulkner, Grant, Greene, Hempstead, Independence, Jackson, Jefferson, Johnson, Lafayette, Lawrence, Lee, Lincoln, Little River, Lonoke, Miller, Mississippi, Monroe, Nevada, Ouachita, Perry, Phillips, Pike, Poinsett, Pope, Prairie, Pulaski, Randolph, Saline, Sevier, St. Francis, Union, White, Woodruff, Yell)"
"QUMA2","","Quercus macrocarpa","AR(Baxter, Benton, Boone, Carroll, Clark, Clay, Cleburne, Conway, Craighead, Crawford, Faulkner, Franklin, Fulton, Greene, Hempstead, Independence, Izard, Jackson, Jefferson, Johnson, Lawrence, Logan, Madison, Marion, Miller, Mississippi, Newton, Perry, Poinsett, Pope, Pulaski, Randolph, Searcy, Sebastian, Sharp, Stone, Van Buren, Washington, Yell)"
"QUMAM","","Quercus macrocarpa var. macrocarpa","AR(Baxter, Benton, Boone, Carroll, Clark, Clay, Cleburne, Conway, Craighead, Crawford, Faulkner, Franklin, Fulton, Greene, Hempstead, Independence, Izard, Jackson, Jefferson, Johnson, Lawrence, Logan, Madison, Marion, Miller, Mississippi, Newton, Perry, Poinsett, Pope, Pulaski, Randolph, Searcy, Sebastian, Sharp, Stone, Van Buren, Washington, Yell)"
"QUMA13","","Quercus margaretta","AR(Ashley, Calhoun, Clark, Cleveland, Conway, Dallas, Drew, Garland, Hempstead, Hot Spring, Jefferson, Little River, Miller, Nevada, Ouachita, Pike, Saline, Union)"
"QUMA3","","Quercus marilandica","AR(Arkansas, Ashley, Baxter, Benton, Boone, Bradley, Calhoun, Carroll, Chicot, Clark, Clay, Cleburne, Cleveland, Columbia, Conway, Craighead, Crawford, Cross, Dallas, Drew, Faulkner, Franklin, Fulton, Garland, Grant, Greene, Hempstead, Hot Spring, Howard, Independence, Izard, Jackson, Jefferson, Johnson, Lafayette, Lawrence, Lee, Lincoln, Little River, Logan, Lonoke, Madison, Marion, Miller, Monroe, Montgomery, Nevada, Newton, Ouachita, Perry, Pike, Poinsett, Polk, Pope, Prairie, Pulaski, Randolph, Saline, Scott, Searcy, Sebastian, Sevier, Sharp, St. Francis, Stone, Union, Van Buren, Washington, White, Yell)"
"QUMAM2","","Quercus marilandica var. marilandica","AR(Arkansas, Ashley, Baxter, Benton, Boone, Bradley, Calhoun, Carroll, Chicot, Clark, Clay, Cleburne, Cleveland, Columbia, Conway, Craighead, Crawford, Cross, Dallas, Drew, Faulkner, Franklin, Fulton, Garland, Grant, Greene, Hempstead, Hot Spring, Howard, Independence, Izard, Jackson, Jefferson, Johnson, Lafayette, Lawrence, Lee, Lincoln, Little River, Logan, Lonoke, Madison, Marion, Miller, Monroe, Montgomery, Nevada, Newton, Ouachita, Perry, Pike, Poinsett, Polk, Pope, Prairie, Pulaski, Randolph, Saline, Scott, Searcy, Sebastian, Sevier, Sharp, St. Francis, Stone, Union, Van Buren, Washington, White, Yell)"
"QUMI","","Quercus michauxii","AR(Arkansas, Ashley, Bradley, Calhoun, Carroll, Chicot, Clark, Clay, Cleveland, Columbia, Conway, Craighead, Crittenden, Cross, Dallas, Desha, Drew, Grant, Greene, Hempstead, Hot Spring, Howard, Independence, Izard, Jackson, Jefferson, Lafayette, Lawrence, Lee, Lincoln, Little River, Lonoke, Marion, Miller, Mississippi, Nevada, Ouachita, Perry, Phillips, Poinsett, Pope, Prairie, Pulaski, Randolph, Saline, Sevier, St. Francis, Union, White, Woodruff, Yell)"
"QUMU","","Quercus muehlenbergii","AR(Ashley, Baxter, Benton, Boone, Bradley, Carroll, Clark, Clay, Cleburne, Conway, Craighead, Crawford, Cross, Dallas, Desha, Drew, Faulkner, Franklin, Fulton, Garland, Greene, Hempstead, Hot Spring, Howard, Independence, Izard, Jackson, Johnson, Lawrence, Lee, Little River, Logan, Lonoke, Madison, Marion, Miller, Monroe, Montgomery, Nevada, Newton, Ouachita, Perry, Phillips, Pike, Poinsett, Polk, Pope, Prairie, Pulaski, Randolph, Saline, Scott, Searcy, Sevier, Sharp, St. Francis, Stone, Union, Van Buren, Washington, White, Woodruff, Yell)"
"QUNI","","Quercus nigra","AR(Arkansas, Ashley, Bradley, Calhoun, Chicot, Clark, Clay, Cleburne, Cleveland, Columbia, Conway, Craighead, Crawford, Crittenden, Cross, Dallas, Desha, Drew, Faulkner, Franklin, Garland, Grant, Greene, Hempstead, Hot Spring, Howard, Independence, Jackson, Jefferson, Johnson, Lafayette, Lawrence, Lee, Lincoln, Little River, Logan, Lonoke, Miller, Mississippi, Monroe, Montgomery, Nevada, Ouachita, Phillips, Pike, Poinsett, Polk, Pope, Prairie, Pulaski, Randolph, Saline, Scott, Sebastian, Sevier, St. Francis, Union, Van Buren, White, Woodruff, Yell)"
"QUPA5","","Quercus pagoda","AR(Arkansas, Ashley, Bradley, Calhoun, Chicot, Clark, Clay, Cleveland, Columbia, Craighead, Crittenden, Cross, Dallas, Desha, Drew, Faulkner, Grant, Greene, Hempstead, Jefferson, Lafayette, Lawrence, Lee, Lincoln, Little River, Lonoke, Miller, Mississippi, Monroe, Nevada, Ouachita, Phillips, Poinsett, Pope, Prairie, Pulaski, Randolph, St. Francis, Union)"
"QUPA2","","Quercus palustris","AR(Arkansas, Baxter, Boone, Clark, Clay, Cleburne, Conway, Craighead, Crawford, Crittenden, Cross, Faulkner, Franklin, Fulton, Greene, Independence, Izard, Jackson, Jefferson, Johnson, Lawrence, Lee, Logan, Lonoke, Mississippi, Perry, Phillips, Poinsett, Pope, Pulaski, Randolph, Sebastian, Sharp, St. Francis, Stone, Van Buren, White, Woodruff)"
"QUPH","","Quercus phellos","AR(Arkansas, Ashley, Bradley, Calhoun, Chicot, Clark, Clay, Cleburne, Cleveland, Columbia, Conway, Craighead, Crawford, Crittenden, Cross, Desha, Drew, Faulkner, Franklin, Fulton, Garland, Grant, Greene, Hempstead, Howard, Independence, Izard, Jackson, Jefferson, Johnson, Lafayette, Lawrence, Lee, Lincoln, Little River, Logan, Lonoke, Miller, Mississippi, Monroe, Montgomery, Nevada, Ouachita, Perry, Phillips, Pike, Poinsett, Polk, Pope, Prairie, Pulaski, Randolph, Saline, Scott, Sevier, St. Francis, Union, White, Woodruff, Yell)"
"QUPR","","Quercus prinoides","AR(Baxter, Fulton, Independence, Izard, Stone)"
"QURU","","Quercus rubra","AR(Arkansas, Ashley, Baxter, Benton, Boone, Bradley, Carroll, Clark, Clay, Cleburne, Conway, Craighead, Crawford, Cross, Faulkner, Franklin, Fulton, Garland, Greene, Hempstead, Hot Spring, Howard, Independence, Izard, Jackson, Jefferson, Johnson, Lawrence, Lee, Lincoln, Logan, Lonoke, Madison, Marion, Miller, Monroe, Montgomery, Newton, Ouachita, Perry, Phillips, Pike, Poinsett, Polk, Pope, Prairie, Pulaski, Randolph, Saline, Scott, Searcy, Sevier, Sharp, St. Francis, Stone, Van Buren, Washington, White, Woodruff, Yell)"
"QURUR","","Quercus rubra var. rubra","AR(Benton, Garland, Izard, Perry, Stone, White, Yell)"
"QUSH","","Quercus shumardii","AR(Arkansas, Ashley, Baxter, Benton, Boone, Bradley, Calhoun, Carroll, Chicot, Clark, Clay, Cleburne, Cleveland, Columbia, Conway, Craighead, Crawford, Crittenden, Cross, Dallas, Desha, Drew, Faulkner, Franklin, Fulton, Garland, Grant, Greene, Hempstead, Hot Spring, Howard, Independence, Izard, Jackson, Jefferson, Johnson, Lafayette, Lawrence, Lee, Lincoln, Little River, Logan, Lonoke, Madison, Marion, Miller, Monroe, Montgomery, Nevada, Newton, Ouachita, Perry, Phillips, Pike, Poinsett, Polk, Pope, Prairie, Pulaski, Randolph, Saline, Scott, Searcy, Sebastian, Sevier, Sharp, St. Francis, Stone, Union, Van Buren, Washington, White, Woodruff, Yell)"
"QUSI2","","Quercus similis","AR(Arkansas, Ashley, Bradley, Calhoun, Desha, Drew, Hempstead, Jefferson, Lee, Ouachita)"
"QUSI","","Quercus sinuata","AR(Hempstead, Little River, Miller, Sevier, Union)"
"QUSIS","","Quercus sinuata var. sinuata","AR(Hempstead, Little River, Miller, Sevier, Union)"
"QUST","","Quercus stellata","AR(Arkansas, Ashley, Baxter, Benton, Boone, Bradley, Calhoun, Carroll, Chicot, Clark, Clay, Cleburne, Cleveland, Columbia, Conway, Craighead, Crawford, Crittenden, Cross, Dallas, Desha, Drew, Faulkner, Franklin, Fulton, Garland, Grant, Greene, Hempstead, Hot Spring, Howard, Independence, Izard, Jackson, Jefferson, Johnson, Lafayette, Lawrence, Lee, Lincoln, Little River, Logan, Lonoke, Madison, Marion, Miller, Monroe, Montgomery, Nevada, Newton, Ouachita, Perry, Phillips, Pike, Poinsett, Polk, Pope, Prairie, Pulaski, Randolph, Saline, Scott, Searcy, Sebastian, Sevier, Sharp, St. Francis, Stone, Union, Van Buren, Washington, White, Woodruff, Yell)"
"QUTE","","Quercus texana","AR(Arkansas, Ashley, Bradley, Calhoun, Chicot, Clark, Clay, Cleveland, Columbia, Conway, Craighead, Crittenden, Cross, Dallas, Desha, Drew, Faulkner, Grant, Greene, Hempstead, Hot Spring, Independence, Jackson, Jefferson, Lafayette, Lawrence, Lee, Lonoke, Miller, Mississippi, Monroe, Nevada, Ouachita, Phillips, Poinsett, Pope, Prairie, Pulaski, Randolph, Saline, St. Francis, Union, White, Woodruff)"
"QUVE","","Quercus velutina","AR(Arkansas, Ashley, Baxter, Benton, Boone, Bradley, Calhoun, Carroll, Clark, Clay, Cleburne, Cleveland, Columbia, Conway, Craighead, Crawford, Crittenden, Cross, Dallas, Drew, Faulkner, Franklin, Fulton, Garland, Grant, Greene, Hempstead, Hot Spring, Howard, Independence, Izard, Jackson, Jefferson, Johnson, Lafayette, Lawrence, Lee, Lincoln, Little River, Logan, Lonoke, Madison, Marion, Miller, Monroe, Montgomery, Nevada, Newton, Ouachita, Perry, Phillips, Pike, Poinsett, Polk, Pope, Prairie, Pulaski, Randolph, Saline, Scott, Searcy, Sebastian, Sevier, Sharp, St. Francis, Stone, Union, Van Buren, Washington, White, Woodruff, Yell)"
"RHLA","","Rhamnus lanceolata","AR(Benton, Carroll, Izard, Marion, Randolph, Searcy, Sharp, Washington)"
"RHLAG2","","Rhamnus lanceolata ssp. glabrata","AR(Benton, Carroll, Izard, Marion, Randolph, Searcy, Sharp, Washington)"
"RHCO","","Rhus copallinum","AR(Arkansas, Ashley, Baxter, Benton, Boone, Bradley, Calhoun, Carroll, Clark, Clay, Cleburne, Cleveland, Columbia, Conway, Craighead, Crawford, Cross, Dallas, Drew, Faulkner, Franklin, Fulton, Garland, Greene, Hempstead, Hot Spring, Howard, Independence, Izard, Jefferson, Johnson, Lafayette, Lawrence, Lee, Lincoln, Little River, Logan, Lonoke, Madison, Marion, Miller, Monroe, Montgomery, Nevada, Newton, Ouachita, Perry, Phillips, Pike, Poinsett, Polk, Pope, Prairie, Pulaski, Randolph, Saline, Scott, Searcy, Sebastian, Sevier, Sharp, St. Francis, Stone, Union, Van Buren, Washington, White, Yell)"
"RHCOL2","","Rhus copallinum var. latifolia","AR(Arkansas, Ashley, Baxter, Benton, Boone, Bradley, Calhoun, Carroll, Clark, Clay, Cleburne, Cleveland, Columbia, Conway, Craighead, Crawford, Cross, Dallas, Drew, Faulkner, Franklin, Fulton, Garland, Greene, Hempstead, Hot Spring, Howard, Independence, Izard, Jefferson, Johnson, Lafayette, Lawrence, Lee, Lincoln, Little River, Logan, Lonoke, Madison, Marion, Miller, Monroe, Montgomery, Nevada, Newton, Ouachita, Perry, Phillips, Pike, Poinsett, Polk, Pope, Prairie, Pulaski, Randolph, Saline, Scott, Searcy, Sebastian, Sevier, Sharp, St. Francis, Stone, Union, Van Buren, Washington, White, Yell)"
"RHGL","","Rhus glabra","AR(Arkansas, Ashley, Baxter, Benton, Boone, Bradley, Carroll, Clark, Clay, Cleburne, Cleveland, Columbia, Conway, Craighead, Crawford, Crittenden, Cross, Desha, Drew, Faulkner, Franklin, Fulton, Garland, Grant, Greene, Hempstead, Hot Spring, Howard, Independence, Izard, Jefferson, Johnson, Lafayette, Lawrence, Lee, Little River, Logan, Madison, Marion, Miller, Mississippi, Monroe, Montgomery, Nevada, Newton, Perry, Phillips, Pike, Poinsett, Polk, Pope, Prairie, Pulaski, Randolph, Saline, Scott, Searcy, Sebastian, Sevier, Sharp, St. Francis, Stone, Union, Van Buren, Washington, White, Woodruff, Yell)"
"ROHI","","Robinia hispida","AR(Arkansas, Ashley, Benton, Bradley, Carroll, Clark, Clay, Cleburne, Columbia, Craighead, Crawford, Cross, Dallas, Drew, Faulkner, Franklin, Hempstead, Howard, Jefferson, Lee, Lincoln, Lonoke, Nevada, Newton, Ouachita, Pope, Randolph, Scott, Sebastian, Sevier, Union, Washington, Yell)"
"ROHIH","","Robinia hispida var. hispida","AR(Arkansas, Ashley, Benton, Bradley, Carroll, Clark, Clay, Cleburne, Columbia, Craighead, Crawford, Cross, Dallas, Drew, Faulkner, Franklin, Hempstead, Howard, Jefferson, Lee, Lincoln, Lonoke, Nevada, Newton, Ouachita, Pope, Randolph, Scott, Sebastian, Sevier, Union, Washington, Yell)"
"ROPS","","Robinia pseudoacacia","AR(Arkansas, Ashley, Benton, Boone, Bradley, Calhoun, Carroll, Chicot, Clark, Cleburne, Cleveland, Conway, Crawford, Crittenden, Cross, Faulkner, Franklin, Garland, Greene, Hempstead, Hot Spring, Howard, Independence, Izard, Jefferson, Johnson, Lawrence, Lee, Lincoln, Little River, Logan, Madison, Marion, Mississippi, Montgomery, Newton, Perry, Pike, Poinsett, Polk, Pope, Pulaski, Randolph, Saline, Scott, Searcy, Sebastian, Sevier, St. Francis, Stone, Union, Van Buren, Washington, White, Woodruff, Yell)"
"SAMI8","","Sabal minor","AR(Arkansas, Ashley, Bradley, Chicot, Clark, Dallas, Desha, Drew, Grant, Hot Spring, Jefferson, Lafayette, Miller, Ouachita, Sevier)"
"SACA5","","Salix caroliniana","AR(Ashley, Baxter, Benton, Boone, Bradley, Carroll, Clark, Clay, Cleburne, Conway, Crawford, Cross, Faulkner, Franklin, Fulton, Garland, Hempstead, Hot Spring, Howard, Independence, Izard, Johnson, Lawrence, Logan, Madison, Marion, Montgomery, Newton, Perry, Pike, Polk, Pope, Pulaski, Randolph, Saline, Scott, Searcy, Sebastian, Sharp, St. Francis, Stone, Van Buren, Washington, White, Yell)"
"SAER","","Salix eriocephala","AR(Benton, Boone, Crittenden, Faulkner, Fulton, Independence, Stone, Washington)"
"SAIN3","","Salix interior","AR(Ashley, Baxter, Benton, Boone, Chicot, Clark, Clay, Conway, Craighead, Crittenden, Cross, Desha, Drew, Franklin, Fulton, Garland, Greene, Hempstead, Hot Spring, Howard, Independence, Izard, Jackson, Jefferson, Johnson, Lafayette, Lawrence, Lee, Little River, Logan, Marion, Miller, Mississippi, Monroe, Newton, Phillips, Pike, Poinsett, Pope, Prairie, Pulaski, Randolph, Scott, Sharp, St. Francis, Stone, Van Buren, Washington, Yell)"
"SANI","","Salix nigra","AR(Arkansas, Ashley, Baxter, Benton, Boone, Bradley, Calhoun, Carroll, Chicot, Clark, Clay, Cleburne, Cleveland, Columbia, Conway, Craighead, Crawford, Crittenden, Cross, Dallas, Desha, Drew, Faulkner, Franklin, Fulton, Garland, Grant, Greene, Hempstead, Hot Spring, Howard, Independence, Izard, Jackson, Jefferson, Johnson, Lafayette, Lawrence, Lee, Lincoln, Little River, Logan, Lonoke, Madison, Marion, Miller, Mississippi, Monroe, Montgomery, Nevada, Newton, Ouachita, Perry, Phillips, Pike, Poinsett, Polk, Pope, Prairie, Pulaski, Randolph, Saline, Scott, Searcy, Sebastian, Sevier, Sharp, St. Francis, Stone, Union, Van Buren, Washington, White, Woodruff, Yell)"
"SASE","","Salix sericea","AR(Fulton)"
"SANI4","","Sambucus nigra","AR(Arkansas, Ashley, Baxter, Benton, Boone, Bradley, Calhoun, Carroll, Chicot, Clark, Clay, Cleburne, Cleveland, Columbia, Conway, Craighead, Crawford, Crittenden, Cross, Dallas, Desha, Drew, Faulkner, Franklin, Fulton, Garland, Grant, Greene, Hempstead, Hot Spring, Howard, Independence, Izard, Jackson, Jefferson, Johnson, Lafayette, Lawrence, Lee, Lincoln, Little River, Logan, Lonoke, Madison, Marion, Miller, Mississippi, Monroe, Montgomery, Nevada, Newton, Ouachita, Perry, Phillips, Pike, Poinsett, Polk, Pope, Prairie, Pulaski, Randolph, Saline, Scott, Searcy, Sebastian, Sevier, Sharp, St. Francis, Stone, Union, Van Buren, Washington, White, Woodruff, Yell)"
"SANIC4","","Sambucus nigra ssp. canadensis","AR(Arkansas, Ashley, Baxter, Benton, Boone, Bradley, Calhoun, Carroll, Chicot, Clark, Clay, Cleburne, Cleveland, Columbia, Conway, Craighead, Crawford, Crittenden, Cross, Dallas, Desha, Drew, Faulkner, Franklin, Fulton, Garland, Grant, Greene, Hempstead, Hot Spring, Howard, Independence, Izard, Jackson, Jefferson, Johnson, Lafayette, Lawrence, Lee, Lincoln, Little River, Logan, Lonoke, Madison, Marion, Miller, Mississippi, Monroe, Montgomery, Nevada, Newton, Ouachita, Perry, Phillips, Pike, Poinsett, Polk, Pope, Prairie, Pulaski, Randolph, Saline, Scott, Searcy, Sebastian, Sevier, Sharp, St. Francis, Stone, Union, Van Buren, Washington, White, Woodruff, Yell)"
"SASA4","","Sapindus saponaria","AR(Baxter, Benton, Boone, Carroll, Conway, Franklin, Garland, Hempstead, Independence, Izard, Lafayette, Little River, Marion, Miller, Nevada, Phillips, Pope, Sevier, Stone, Washington)"
"SASAD","","Sapindus saponaria var. drummondii","AR(Baxter, Benton, Boone, Carroll, Conway, Franklin, Garland, Hempstead, Independence, Izard, Lafayette, Little River, Marion, Miller, Nevada, Phillips, Pope, Sevier, Stone, Washington)"
"SAAL5","","Sassafras albidum","AR(Arkansas, Ashley, Baxter, Benton, Boone, Bradley, Calhoun, Carroll, Chicot, Clark, Clay, Cleburne, Cleveland, Columbia, Conway, Craighead, Crawford, Crittenden, Cross, Dallas, Desha, Drew, Faulkner, Franklin, Fulton, Garland, Grant, Greene, Hempstead, Hot Spring, Howard, Independence, Izard, Jackson, Jefferson, Johnson, Lafayette, Lawrence, Lee, Lincoln, Little River, Logan, Lonoke, Madison, Marion, Miller, Mississippi, Monroe, Montgomery, Nevada, Newton, Ouachita, Perry, Phillips, Pike, Poinsett, Polk, Pope, Prairie, Pulaski, Randolph, Saline, Scott, Searcy, Sebastian, Sevier, Sharp, St. Francis, Stone, Union, Van Buren, Washington, White, Woodruff, Yell)"
"SILA20","","Sideroxylon lanuginosum","AR(Arkansas, Ashley, Baxter, Benton, Boone, Bradley, Calhoun, Carroll, Chicot, Clark, Cleburne, Cleveland, Columbia, Conway, Crawford, Crittenden, Dallas, Desha, Drew, Faulkner, Franklin, Fulton, Garland, Hempstead, Hot Spring, Howard, Independence, Izard, Jackson, Jefferson, Johnson, Lafayette, Little River, Logan, Madison, Marion, Miller, Mississippi, Montgomery, Nevada, Newton, Ouachita, Perry, Pike, Polk, Pope, Pulaski, Randolph, Saline, Scott, Searcy, Sebastian, Sevier, Sharp, Stone, Union, Van Buren, Washington, Yell)"
"SILAL3","","Sideroxylon lanuginosum ssp. lanuginosum","AR(Arkansas, Ashley, Baxter, Benton, Boone, Bradley, Calhoun, Carroll, Chicot, Clark, Cleburne, Cleveland, Columbia, Conway, Crawford, Crittenden, Dallas, Desha, Drew, Faulkner, Franklin, Fulton, Garland, Hempstead, Hot Spring, Howard, Independence, Izard, Jackson, Jefferson, Johnson, Lafayette, Little River, Logan, Madison, Marion, Miller, Mississippi, Montgomery, Nevada, Newton, Ouachita, Perry, Pike, Polk, Pope, Pulaski, Randolph, Saline, Scott, Searcy, Sebastian, Sevier, Sharp, Stone, Union, Van Buren, Washington, Yell)"
"SILY","","Sideroxylon lycioides","AR(Ashley, Bradley, Clay, Craighead, Crittenden, Desha, Hempstead, Lee, Phillips, Stone)"
"STTR","","Staphylea trifolia","AR(Arkansas, Baxter, Benton, Boone, Calhoun, Carroll, Clay, Cleburne, Conway, Craighead, Crawford, Faulkner, Franklin, Fulton, Garland, Hempstead, Howard, Independence, Izard, Johnson, Lawrence, Lee, Logan, Lonoke, Madison, Marion, Montgomery, Newton, Perry, Pike, Poinsett, Polk, Pope, Pulaski, Randolph, Saline, Scott, Searcy, Sebastian, Sharp, Stone, Van Buren, Washington, White, Yell)"
"STMA","","Stewartia malacodendron","AR(Ouachita)"
"STAF4","","Styphnolobium affine","AR(Hempstead, Little River, Miller, Nevada)"
"STAM4","","Styrax americanus","AR(Ashley, Bradley, Calhoun, Chicot, Clark, Clay, Cleveland, Columbia, Conway, Craighead, Crittenden, Cross, Dallas, Drew, Faulkner, Garland, Grant, Greene, Hempstead, Hot Spring, Independence, Jackson, Jefferson, Lafayette, Lawrence, Lee, Lincoln, Lonoke, Miller, Mississippi, Nevada, Ouachita, Perry, Pike, Poinsett, Pope, Prairie, Pulaski, Saline, St. Francis, Union, Van Buren, White, Woodruff)"
"STGR4","","Styrax grandifolius","AR(Ashley, Bradley, Clark, Columbia, Conway, Dallas, Drew, Franklin, Garland, Hempstead, Hot Spring, Independence, Johnson, Lafayette, Logan, Madison, Monroe, Montgomery, Nevada, Ouachita, Perry, Pike, Polk, Pope, Pulaski, Saline, Scott, Union, Yell)"
"SYTI","","Symplocos tinctoria","AR(Ashley, Bradley, Calhoun, Clark, Cleburne, Cleveland, Columbia, Dallas, Drew, Grant, Hempstead, Hot Spring, Howard, Independence, Jackson, Jefferson, Lafayette, Miller, Nevada, Ouachita, Pike, Polk, Pulaski, Saline, Sevier, Union, White)"
"TACH2","","Tamarix chinensis","AR(Crawford, Desha, Faulkner, Franklin, Howard, Jefferson, Johnson, Lafayette, Little River, Miller, Perry, Pope, Pulaski, Union)"
"TADI2","","Taxodium distichum","AR(Arkansas, Ashley, Bradley, Calhoun, Chicot, Clark, Clay, Cleburne, Cleveland, Columbia, Conway, Craighead, Crawford, Crittenden, Cross, Dallas, Desha, Drew, Faulkner, Franklin, Grant, Greene, Hempstead, Hot Spring, Howard, Independence, Jackson, Jefferson, Johnson, Lafayette, Lawrence, Lee, Lincoln, Little River, Logan, Lonoke, Miller, Mississippi, Monroe, Nevada, Ouachita, Perry, Phillips, Pike, Poinsett, Pope, Prairie, Pulaski, Randolph, Saline, Sebastian, Sevier, St. Francis, Union, Washington, White, Woodruff, Yell)"
"TIAM","","Tilia americana","AR(Arkansas, Ashley, Baxter, Benton, Boone, Bradley, Calhoun, Carroll, Chicot, Clark, Clay, Cleburne, Cleveland, Columbia, Conway, Craighead, Crawford, Cross, Dallas, Drew, Faulkner, Franklin, Fulton, Garland, Grant, Greene, Hempstead, Hot Spring, Howard, Independence, Izard, Jefferson, Johnson, Lafayette, Lincoln, Little River, Logan, Madison, Marion, Miller, Montgomery, Nevada, Newton, Ouachita, Perry, Phillips, Pike, Poinsett, Polk, Pope, Pulaski, Saline, Scott, Searcy, Sevier, Sharp, St. Francis, Stone, Union, Van Buren, Washington, Yell)"
"TRSE6","","Triadica sebifera","AR(Ashley, Bradley, Clark, Jefferson, Lafayette, Nevada, St. Francis)"
"ULAL","","Ulmus alata","AR(Arkansas, Ashley, Baxter, Benton, Boone, Bradley, Calhoun, Carroll, Clark, Clay, Cleburne, Cleveland, Columbia, Conway, Craighead, Crawford, Crittenden, Cross, Dallas, Desha, Drew, Faulkner, Franklin, Fulton, Garland, Grant, Greene, Hempstead, Hot Spring, Howard, Independence, Izard, Jackson, Jefferson, Johnson, Lafayette, Lawrence, Lee, Lincoln, Little River, Logan, Lonoke, Madison, Marion, Miller, Monroe, Montgomery, Nevada, Newton, Ouachita, Perry, Phillips, Pike, Poinsett, Polk, Pope, Prairie, Pulaski, Randolph, Saline, Scott, Searcy, Sebastian, Sevier, Sharp, St. Francis, Stone, Union, Van Buren, Washington, White, Woodruff, Yell)"
"ULAM","","Ulmus americana","AR(Arkansas, Ashley, Baxter, Benton, Boone, Bradley, Calhoun, Carroll, Chicot, Clark, Clay, Cleburne, Cleveland, Columbia, Conway, Craighead, Crawford, Crittenden, Cross, Dallas, Desha, Drew, Faulkner, Franklin, Fulton, Garland, Grant, Greene, Hempstead, Hot Spring, Howard, Independence, Izard, Jackson, Jefferson, Johnson, Lafayette, Lawrence, Lee, Lincoln, Little River, Logan, Lonoke, Madison, Marion, Miller, Mississippi, Monroe, Montgomery, Nevada, Newton, Ouachita, Perry, Phillips, Pike, Poinsett, Polk, Pope, Prairie, Pulaski, Randolph, Saline, Scott, Searcy, Sebastian, Sevier, Sharp, St. Francis, Stone, Union, Van Buren, Washington, White, Woodruff, Yell)"
"ULCR","","Ulmus crassifolia","AR(Arkansas, Ashley, Bradley, Calhoun, Chicot, Clark, Clay, Cleveland, Columbia, Conway, Crawford, Crittenden, Desha, Drew, Faulkner, Franklin, Hempstead, Jackson, Jefferson, Johnson, Lafayette, Lee, Lincoln, Little River, Lonoke, Miller, Monroe, Nevada, Ouachita, Phillips, Poinsett, Pope, Prairie, Pulaski, Sevier, St. Francis, Union, White, Woodruff, Yell)"
"ULPU","","Ulmus pumila","AR(Benton, Carroll, Clay, Craighead, Faulkner, Pope, St. Francis, Washington)"
"ULRU","","Ulmus rubra","AR(Arkansas, Ashley, Baxter, Benton, Boone, Bradley, Calhoun, Carroll, Clark, Clay, Cleburne, Cleveland, Columbia, Conway, Craighead, Crawford, Crittenden, Cross, Dallas, Desha, Drew, Faulkner, Franklin, Fulton, Garland, Grant, Greene, Hempstead, Hot Spring, Howard, Independence, Izard, Jackson, Jefferson, Johnson, Lafayette, Lawrence, Lee, Lincoln, Little River, Logan, Lonoke, Madison, Marion, Miller, Mississippi, Monroe, Montgomery, Nevada, Newton, Ouachita, Perry, Phillips, Pike, Poinsett, Polk, Pope, Prairie, Pulaski, Randolph, Saline, Scott, Searcy, Sebastian, Sevier, Sharp, St. Francis, Stone, Union, Van Buren, Washington, White, Woodruff, Yell)"
"ULSE","","Ulmus serotina","AR(Ashley, Benton, Clark, Conway, Craighead, Crawford, Crittenden, Faulkner, Franklin, Fulton, Garland, Hempstead, Hot Spring, Howard, Izard, Lee, Little River, Marion, Miller, Montgomery, Newton, Phillips, Pike, Poinsett, Polk, Pope, Sevier, St. Francis)"
"ULTH","","Ulmus thomasii","AR(Benton, Carroll, Clay, Randolph, Stone)"
"VAAR","","Vaccinium arboreum","AR(Arkansas, Ashley, Baxter, Benton, Boone, Bradley, Calhoun, Carroll, Chicot, Clark, Clay, Cleburne, Columbia, Conway, Craighead, Crawford, Cross, Dallas, Desha, Drew, Faulkner, Franklin, Fulton, Garland, Grant, Greene, Hempstead, Hot Spring, Howard, Independence, Izard, Jefferson, Johnson, Lafayette, Lawrence, Lincoln, Little River, Logan, Lonoke, Madison, Marion, Miller, Montgomery, Nevada, Newton, Ouachita, Perry, Phillips, Pike, Poinsett, Polk, Pope, Pulaski, Randolph, Saline, Scott, Searcy, Sebastian, Sevier, Sharp, St. Francis, Stone, Union, Van Buren, Washington, White, Yell)"
"VIDE","","Viburnum dentatum","AR(Ashley, Bradley, Cleburne, Columbia, Cross, Faulkner, Grant, Hot Spring, Independence, Madison, Ouachita, Pope, Pulaski, Saline, Stone, Union, Washington)"
"VIDED4","","Viburnum dentatum var. dentatum","AR(Ashley, Bradley, Cleburne, Columbia, Cross, Faulkner, Grant, Hot Spring, Independence, Madison, Ouachita, Pope, Pulaski, Saline, Stone, Union, Washington)"
"VINU","","Viburnum nudum","AR(Ashley, Bradley, Calhoun, Clark, Cleveland, Columbia, Dallas, Drew, Garland, Grant, Hempstead, Hot Spring, Jefferson, Little River, Miller, Montgomery, Nevada, Ouachita, Pike, Pope, Pulaski, Saline, Union)"
"VINUN","","Viburnum nudum var. nudum","AR(Ashley, Bradley, Calhoun, Clark, Cleveland, Columbia, Dallas, Drew, Garland, Grant, Hempstead, Hot Spring, Jefferson, Little River, Miller, Montgomery, Nevada, Ouachita, Pike, Pope, Pulaski, Saline, Union)"
"VIPR","","Viburnum prunifolium","AR(Ashley, Baxter, Benton, Boone, Bradley, Carroll, Clay, Cleburne, Craighead, Franklin, Garland, Greene, Izard, Jefferson, Johnson, Lee, Lincoln, Madison, Marion, Newton, Polk, Pope, Pulaski, Saline, St. Francis, Van Buren, Washington, White)"
"VIRE7","","Viburnum recognitum","AR(Cleburne, Faulkner, Madison, Pope, Washington)"
"VIRU","","Viburnum rufidulum","AR(Arkansas, Ashley, Baxter, Benton, Boone, Bradley, Carroll, Clark, Clay, Cleburne, Columbia, Conway, Craighead, Crawford, Crittenden, Cross, Dallas, Drew, Faulkner, Franklin, Fulton, Garland, Grant, Greene, Hempstead, Hot Spring, Howard, Independence, Izard, Jackson, Jefferson, Johnson, Lafayette, Lawrence, Lee, Lincoln, Little River, Logan, Madison, Marion, Miller, Montgomery, Nevada, Newton, Ouachita, Perry, Phillips, Pike, Poinsett, Polk, Pope, Pulaski, Randolph, Saline, Scott, Searcy, Sebastian, Sevier, Sharp, St. Francis, Stone, Union, Van Buren, Washington, White, Yell)"
"VIAG","","Vitex agnus-castus","AR(Faulkner, Garland, Lincoln, Nevada)"
"VIAGA","","Vitex agnus-castus var. agnus-castus","AR(Faulkner, Garland, Lincoln, Nevada)"
"ZAAM","","Zanthoxylum americanum","AR(Carroll, Clay, Franklin, Fulton, Garland, Hempstead, Perry, Saline, Searcy, Stone, Washington)"
"ZACL","","Zanthoxylum clava-herculis","AR(Ashley, Bradley, Calhoun, Chicot, Clark, Conway, Drew, Faulkner, Franklin, Garland, Hempstead, Hot Spring, Howard, Jefferson, Johnson, Lafayette, Lincoln, Little River, Logan, Lonoke, Miller, Nevada, Ouachita, Perry, Pike, Pope, Pulaski, Sevier, Union, Yell)"
